-- phpMyAdmin SQL Dump
-- version 4.6.6
-- https://www.phpmyadmin.net/
--
-- Host: localhost
-- Generation Time: Dec 06, 2019 at 03:15 AM
-- Server version: 5.7.17-log
-- PHP Version: 5.6.30

SET SQL_MODE = "NO_AUTO_VALUE_ON_ZERO";
SET time_zone = "+00:00";


/*!40101 SET @OLD_CHARACTER_SET_CLIENT=@@CHARACTER_SET_CLIENT */;
/*!40101 SET @OLD_CHARACTER_SET_RESULTS=@@CHARACTER_SET_RESULTS */;
/*!40101 SET @OLD_COLLATION_CONNECTION=@@COLLATION_CONNECTION */;
/*!40101 SET NAMES utf8mb4 */;

--
-- Database: `yellowcard`
--

-- --------------------------------------------------------

--
-- Table structure for table `level`
--

CREATE TABLE `level` (
  `lvl_id` int(1) NOT NULL COMMENT 'รหัสระดับสิทธิ์',
  `lvl_name` varchar(200) COLLATE utf8_unicode_ci NOT NULL COMMENT 'ระดับสิทธิ์'
) ENGINE=InnoDB DEFAULT CHARSET=utf8 COLLATE=utf8_unicode_ci;

--
-- Dumping data for table `level`
--

INSERT INTO `level` (`lvl_id`, `lvl_name`) VALUES
(1, 'Administrator'),
(2, 'Manager'),
(3, 'Teacher'),
(4, 'Guest');

-- --------------------------------------------------------

--
-- Table structure for table `member`
--

CREATE TABLE `member` (
  `mem_id` int(7) NOT NULL COMMENT 'รหัสสมาชิก',
  `mem_name` varchar(255) COLLATE utf8_unicode_ci NOT NULL COMMENT 'ชื่อสมาชิก',
  `mem_user` varchar(200) COLLATE utf8_unicode_ci NOT NULL COMMENT 'Username',
  `mem_pass` varchar(200) COLLATE utf8_unicode_ci NOT NULL COMMENT 'Password',
  `lvl_id` int(9) NOT NULL COMMENT '  รหัสระดับสิทธิ์'
) ENGINE=InnoDB DEFAULT CHARSET=utf8 COLLATE=utf8_unicode_ci;

--
-- Dumping data for table `member`
--

INSERT INTO `member` (`mem_id`, `mem_name`, `mem_user`, `mem_pass`, `lvl_id`) VALUES
(1, 'Guest', 'user', 'dXNlcg==', 4),
(2, 'test1', 'test1', 'dGVzdDE=', 2),
(3, 'test2', 'test2', 'dGVzdDI=', 3),
(4, 'test3', 'test3', 'dGVzdDM=', 4),
(5911013, 'ณัฐวุฒิ แสนทำพล', '5911013', 'bmVzdGFyeXBvbmc=', 1);

-- --------------------------------------------------------

--
-- Table structure for table `std_offense`
--

CREATE TABLE `std_offense` (
  `std_off_id` int(11) NOT NULL,
  `std_id` int(9) NOT NULL COMMENT ' รหัสนักศึกษา',
  `wr_id` int(3) NOT NULL COMMENT 'รหัสความผิด',
  `mem_id` int(7) NOT NULL COMMENT 'รหัสสมาชิก',
  `std_off_date` datetime NOT NULL COMMENT 'วันที่',
  `std_off_status` varchar(50) COLLATE utf8_unicode_ci NOT NULL COMMENT 'สถานะ'
) ENGINE=InnoDB DEFAULT CHARSET=utf8 COLLATE=utf8_unicode_ci;

--
-- Dumping data for table `std_offense`
--

INSERT INTO `std_offense` (`std_off_id`, `std_id`, `wr_id`, `mem_id`, `std_off_date`, `std_off_status`) VALUES
(1, 621110008, 1, 5911013, '2019-11-18 21:31:24', 'ติดกิจการ'),
(2, 621110006, 1, 5911013, '2019-11-18 11:41:47', 'ติดกิจการ'),
(3, 611110024, 2, 5911013, '2019-11-18 11:42:04', 'แก้ไขแล้ว'),
(4, 601110011, 1, 5911013, '2019-11-19 11:42:17', 'ติดกิจการ'),
(5, 611110025, 3, 5911013, '2019-11-19 11:42:30', 'ติดกิจการ'),
(6, 611110010, 4, 3, '2019-11-19 13:03:25', 'ติดกิจการ'),
(7, 621110729, 2, 3, '2019-11-19 15:23:10', 'ติดกิจการ'),
(8, 621110729, 1, 5911013, '2019-11-19 15:25:03', 'ติดกิจการ'),
(9, 621110729, 3, 5911013, '2019-11-19 15:25:09', 'ติดกิจการ'),
(10, 611110150, 1, 3, '2019-11-25 16:07:28', 'ติดกิจการ');

-- --------------------------------------------------------

--
-- Table structure for table `student`
--

CREATE TABLE `student` (
  `std_id` int(9) NOT NULL COMMENT 'รหัสนักศึกษา',
  `std_tname` varchar(10) COLLATE utf8_unicode_ci NOT NULL COMMENT 'คำนำหน้าชื่อ',
  `std_fname` varchar(255) COLLATE utf8_unicode_ci NOT NULL COMMENT 'ชื่อนักศึกษา',
  `std_lname` varchar(255) COLLATE utf8_unicode_ci NOT NULL COMMENT 'นามสกุลนักศึกษา',
  `std_class` varchar(20) COLLATE utf8_unicode_ci NOT NULL COMMENT 'ระดับชั้น',
  `std_depart` varchar(100) COLLATE utf8_unicode_ci NOT NULL COMMENT 'แผนก'
) ENGINE=InnoDB DEFAULT CHARSET=utf8 COLLATE=utf8_unicode_ci;

--
-- Dumping data for table `student`
--

INSERT INTO `student` (`std_id`, `std_tname`, `std_fname`, `std_lname`, `std_class`, `std_depart`) VALUES
(601110001, 'นาย', 'วิสิทธิ์', 'พินพยอม', 'ปวช.3/8', 'คอมพิวเตอร์ธุรกิจ'),
(601110002, 'นางสาว', 'ศิริลักษณ์', 'ฤทธิ์บุญ', 'ปวช.3/13', 'คอมพิวเตอร์กราฟิก'),
(601110004, 'นางสาว', 'บุญตา', 'เกตุประทุม', 'ปวช.3/8', 'คอมพิวเตอร์ธุรกิจ'),
(601110005, 'นางสาว', 'นิภาพร', 'ประสมศรี', 'ปวช.3/4', 'การบัญชี'),
(601110006, 'นาย', 'ทะนงศักดิ์', 'เครือเช้า', 'ปวช.3/13', 'คอมพิวเตอร์กราฟิก'),
(601110008, 'นางสาว', 'ชรินรัตน์', 'บู่สาลี', 'ปวช.3/3', 'การบัญชี'),
(601110011, 'นางสาว', 'รุจิรา', 'ทองโต', 'ปวช.3/3', 'การบัญชี'),
(601110013, 'นางสาว', 'วีรยา', 'รักธัญญการณ์', 'ปวช.3/1', 'การบัญชี'),
(601110014, 'นาย', 'วชิระ', 'สถิตบุญวิมล', 'ปวช.3/1', 'การบัญชี'),
(601110017, 'นางสาว', 'ศรันถ์ญาพร', 'ธวัชธนาโชค', 'ปวช.3/1', 'การบัญชี'),
(601110018, 'นางสาว', 'นิศารัตน์', 'ศรีสมพร', 'ปวช.3/5', 'การตลาด'),
(601110022, 'นางสาว', 'อินทิรา', 'เอกจีน', 'ปวช.3/2', 'การบัญชี'),
(601110023, 'นางสาว', 'ฐิติมา', 'ศรีบัวเอี่ยม', 'ปวช.3/3', 'การบัญชี'),
(601110024, 'นางสาว', 'วริศรา', 'บุญแท่น', 'ปวช.3/3', 'การบัญชี'),
(601110026, 'นางสาว', 'ศศิวิมล', 'พันธ์ด้วง', 'ปวช.3/16', 'การท่องเที่ยว'),
(601110027, 'นางสาว', 'นงนุช', 'เดชารัมย์', 'ปวช.3/15', 'การโรงแรม'),
(601110029, 'นางสาว', 'อารยา', 'แม้นญาติ', 'ปวช.3/16', 'การท่องเที่ยว'),
(601110031, 'นางสาว', 'ทิตฐิตา', 'ดาขันธ์', 'ปวช.3/16', 'การท่องเที่ยว'),
(601110032, 'นางสาว', 'ปริศนา', 'อินทรเล็ก', 'ปวช.3/16', 'การท่องเที่ยว'),
(601110033, 'นางสาว', 'ชนัญญา', 'แจ่มจำรัส', 'ปวช.3/2', 'การบัญชี'),
(601110034, 'นางสาว', 'วรัญญา', 'เวรุวะนาลักษณ์', 'ปวช.3/13', 'คอมพิวเตอร์กราฟิก'),
(601110037, 'นางสาว', 'สุวภัทร', 'คำภา', 'ปวช.3/13', 'คอมพิวเตอร์กราฟิก'),
(601110038, 'นางสาว', 'พรสินี', 'จุลน้ำใจ', 'ปวช.3/15', 'การโรงแรม'),
(601110041, 'นางสาว', 'ผกาแก้ว', 'สว่างแจ้ง', 'ปวช.3/15', 'การโรงแรม'),
(601110042, 'นางสาว', 'อรุโณชา', 'สู้เหิม', 'ปวช.3/13', 'คอมพิวเตอร์กราฟิก'),
(601110043, 'นางสาว', 'ชมพูนุท', 'แสงชื่น', 'ปวช.3/15', 'การโรงแรม'),
(601110046, 'นางสาว', 'สมฤดี', 'ท่าไม้สุข', 'ปวช.3/6', 'การตลาด'),
(601110048, 'นางสาว', 'จันทรา', 'ลาธิ', 'ปวช.3/16', 'การท่องเที่ยว'),
(601110049, 'นาย', 'กนกพล', 'แก้วดวงเล็ก', 'ปวช.3/7', 'คอมพิวเตอร์ธุรกิจ'),
(601110050, 'นาย', 'วิชาญ', 'สมภักดี', 'ปวช.3/7', 'คอมพิวเตอร์ธุรกิจ'),
(601110053, 'นางสาว', 'พรปวีณ์', 'บุญพลบ', 'ปวช.3/4', 'การบัญชี'),
(601110054, 'นางสาว', 'ศรัณย์พร', 'ดัดตนรัมย์', 'ปวช.3/4', 'การบัญชี'),
(601110055, 'นางสาว', 'ธัญยรัตน์', 'อ่อนเนียม', 'ปวช.3/3', 'การบัญชี'),
(601110056, 'นาย', 'ณัฐภูมินทร์', 'ชูแสง', 'ปวช.3/7', 'คอมพิวเตอร์ธุรกิจ'),
(601110057, 'นางสาว', 'ธีติมา', 'วิจิตรนาวา', 'ปวช.3/6', 'การตลาด'),
(601110058, 'นางสาว', 'กนกพร', 'จันทร์สุขจำเริญ', 'ปวช.3/4', 'การบัญชี'),
(601110062, 'นาย', 'รัตน', 'ทรัพย์ขำ', 'ปวช.3/16', 'การท่องเที่ยว'),
(601110063, 'นางสาว', 'กรรณิการ์', 'ดีกลาง', 'ปวช.3/16', 'การท่องเที่ยว'),
(601110067, 'นาย', 'ชัยพร', 'นทีวีระกิจ', 'ปวช.3/13', 'คอมพิวเตอร์กราฟิก'),
(601110069, 'นางสาว', 'บุศรา', 'พยัคคง', 'ปวช.3/14', 'คอมพิวเตอร์กราฟิก'),
(601110072, 'นางสาว', 'เพชรไพรินทร์', 'แซ่ซื้อ', 'ปวช.3/1', 'การบัญชี'),
(601110073, 'นางสาว', 'รติรส', 'ชำนาญภักดี', 'ปวช.3/1', 'การบัญชี'),
(601110074, 'นางสาว', 'สุภาพร', 'แซ่ลิ้ม', 'ปวช.3/1', 'การบัญชี'),
(601110076, 'นางสาว', 'กันตยา', 'สระทองห้อย', 'ปวช.3/3', 'การบัญชี'),
(601110078, 'นาย', 'กิตติศักดิ์', 'ม่วงน้อย', 'ปวช.3/7', 'คอมพิวเตอร์ธุรกิจ'),
(601110082, 'นางสาว', 'วรรณรดา', 'เหล็กมา', 'ปวช.3/2', 'การบัญชี'),
(601110084, 'นางสาว', 'อารียา', 'ทองมณโฑ', 'ปวช.3/2', 'การบัญชี'),
(601110085, 'นาย', 'ธนบูลย์', 'มาตรวัตร์', 'ปวช.3/1', 'การบัญชี'),
(601110086, 'นาย', 'บูรพา', 'โพธิประเสริฐ', 'ปวช.3/8', 'คอมพิวเตอร์ธุรกิจ'),
(601110087, 'นางสาว', 'อิศริญา', 'ยีกะเส็ง', 'ปวช.3/7', 'คอมพิวเตอร์ธุรกิจ'),
(601110088, 'นางสาว', 'ลลิตา', 'ชีนพรัช', 'ปวช.3/1', 'การบัญชี'),
(601110090, 'นางสาว', 'ภัทรวดี', 'เรืองฤทธิ์', 'ปวช.3/2', 'การบัญชี'),
(601110091, 'นางสาว', 'เนตรนภา', 'สายทอง', 'ปวช.3/5', 'การตลาด'),
(601110092, 'นางสาว', 'นันทพร', 'ชูทรัพย์', 'ปวช.3/7', 'คอมพิวเตอร์ธุรกิจ'),
(601110093, 'นางสาว', 'วริษา', 'จันทะลัง', 'ปวช.3/5', 'การตลาด'),
(601110094, 'นางสาว', 'ชลธิชา', 'ยางทรัพย์', 'ปวช.3/5', 'การตลาด'),
(601110095, 'นาย', 'กิตติพงษ์', 'นาคประสิทธิ์', 'ปวช.3/8', 'คอมพิวเตอร์ธุรกิจ'),
(601110096, 'นาย', 'ภูวไนย', 'กมลรัตน์', 'ปวช.3/8', 'คอมพิวเตอร์ธุรกิจ'),
(601110099, 'นางสาว', 'เพ็ญนภา', 'น้อยแสง', 'ปวช.3/5', 'การตลาด'),
(601110101, 'นาย', 'ณัฐพงษ์', 'ดุมกระโทก', 'ปวช.3/3', 'การบัญชี'),
(601110102, 'นางสาว', 'วนิดา', 'คำพันธุ์', 'ปวช.3/3', 'การบัญชี'),
(601110104, 'นางสาว', 'ณัฐธิดา', 'คาดีวี', 'ปวช.3/14', 'คอมพิวเตอร์กราฟิก'),
(601110105, 'นางสาว', 'เบญญาภา', 'ยอดหนู', 'ปวช.3/14', 'คอมพิวเตอร์กราฟิก'),
(601110107, 'นาย', 'ณัฐพงษ์', 'ดีใจ', 'ปวช.3/16', 'การท่องเที่ยว'),
(601110108, 'นางสาว', 'สุธิดา', 'ลัดติน้อย', 'ปวช.3/8', 'คอมพิวเตอร์ธุรกิจ'),
(601110109, 'นางสาว', 'พรธิดา', 'ทองสิงห์', 'ปวช.3/8', 'คอมพิวเตอร์ธุรกิจ'),
(601110111, 'นางสาว', 'สิริวรรณ', 'สิมพะราช', 'ปวช.3/1', 'การบัญชี'),
(601110112, 'นางสาว', 'พรนภา', 'คณารัตน์', 'ปวช.3/4', 'การบัญชี'),
(601110113, 'นางสาว', 'จุฑาภรณ์', 'ดูเเก้ว', 'ปวช.3/16', 'การท่องเที่ยว'),
(601110114, 'นางสาว', 'ชยากร', 'งามศิริ', 'ปวช.3/1', 'การบัญชี'),
(601110116, 'นาย', 'นาวิน', 'อินลวง', 'ปวช.3/8', 'คอมพิวเตอร์ธุรกิจ'),
(601110120, 'นางสาว', 'ญาดารัตน์', 'น้อยมะลิวัน', 'ปวช.3/5', 'การตลาด'),
(601110121, 'นางสาว', 'พิชญาภา', 'ชุมภูอาจ', 'ปวช.3/16', 'การท่องเที่ยว'),
(601110122, 'นาย', 'นพรัตน์', 'มั่นสุวรรณ', 'ปวช.3/7', 'คอมพิวเตอร์ธุรกิจ'),
(601110127, 'นาย', 'เมธา', 'โพธิ์ศรี', 'ปวช.3/7', 'คอมพิวเตอร์ธุรกิจ'),
(601110129, 'นาย', 'เสกสรร', 'คิดอ่าน', 'ปวช.3/7', 'คอมพิวเตอร์ธุรกิจ'),
(601110130, 'นาย', 'กฤษดา', 'คุ้มภิญโญบุญ', 'ปวช.3/13', 'คอมพิวเตอร์กราฟิก'),
(601110131, 'นางสาว', 'พรรณภัสษา', 'เเซ่โล้ว', 'ปวช.3/16', 'การท่องเที่ยว'),
(601110134, 'นางสาว', 'กนกวรรณ', 'บรรจงรักษา', 'ปวช.3/4', 'การบัญชี'),
(601110141, 'นางสาว', 'เกวลิน', 'สิทธิชัย', 'ปวช.3/3', 'การบัญชี'),
(601110142, 'นางสาว', 'พิศมัย', 'ยตะโคตร', 'ปวช.3/5', 'การตลาด'),
(601110144, 'นางสาว', 'เเจว', 'พัดสังข์', 'ปวช.3/3', 'การบัญชี'),
(601110147, 'นางสาว', 'โศภิษฐ์', 'สิงห์ทอง', 'ปวช.3/2', 'การบัญชี'),
(601110148, 'นางสาว', 'ญานิศา', 'เรืองศรี', 'ปวช.3/3', 'การบัญชี'),
(601110149, 'นางสาว', 'โศภิดา', 'สิงห์ทอง', 'ปวช.3/2', 'การบัญชี'),
(601110152, 'นางสาว', 'จิดาภา', 'เรืองศรี', 'ปวช.3/1', 'การบัญชี'),
(601110154, 'นางสาว', 'ณัฐกานต์', 'แซ่ลี้', 'ปวช.3/3', 'การบัญชี'),
(601110155, 'นาย', 'ฤทธิเกียรติ์', 'จันทร์พิลา', 'ปวช.3/1', 'การบัญชี'),
(601110157, 'นางสาว', 'กฤษณา', 'พิพัฒน์พงษ์วงศ์', 'ปวช.3/5', 'การตลาด'),
(601110159, 'นางสาว', 'โชติมา', 'พวงเงิน', 'ปวช.3/16', 'การท่องเที่ยว'),
(601110161, 'นางสาว', 'วรรณวลัย', 'มูลสูตร', 'ปวช.3/14', 'คอมพิวเตอร์กราฟิก'),
(601110164, 'นาย', 'อนุวัฒน์', 'โสดากุล', 'ปวช.3/7', 'คอมพิวเตอร์ธุรกิจ'),
(601110165, 'นางสาว', 'สิริพร', 'สุริยาภาส', 'ปวช.3/7', 'คอมพิวเตอร์ธุรกิจ'),
(601110168, 'นาย', 'พีรพล', 'ชมโลก', 'ปวช.3/5', 'การตลาด'),
(601110170, 'นางสาว', 'แพรทอง', 'พวงพันธ์', 'ปวช.3/14', 'คอมพิวเตอร์กราฟิก'),
(601110172, 'นาย', 'อนุรักษ์', 'โตกทอง', 'ปวช.3/6', 'การตลาด'),
(601110173, 'นางสาว', 'ปนัดดา', 'โพชชมภู', 'ปวช.3/1', 'การบัญชี'),
(601110175, 'นาย', 'สิรชัย', 'ตั้งฤทัยวานิชย์', 'ปวช.3/13', 'คอมพิวเตอร์กราฟิก'),
(601110177, 'นางสาว', 'อภิญญา', 'ชะรินทร์', 'ปวช.3/14', 'คอมพิวเตอร์กราฟิก'),
(601110179, 'นางสาว', 'สุภาวดี', 'ฤทธิ์จีน', 'ปวช.3/5', 'การตลาด'),
(601110180, 'นาย', 'แมน', 'บุญบัว', 'ปวช.3/3', 'การบัญชี'),
(601110181, 'นาย', 'กฤษฎา', 'พฤกษ์เกิด', 'ปวช.3/8', 'คอมพิวเตอร์ธุรกิจ'),
(601110185, 'นางสาว', 'กนกวรรณ', 'ลอยบัณฑิตย์', 'ปวช.3/2', 'การบัญชี'),
(601110186, 'นางสาว', 'จุฬาภัทร', 'ฝางเเก้ว', 'ปวช.3/3', 'การบัญชี'),
(601110188, 'นางสาว', 'อัฐภิญญา', 'เปียแก้ว', 'ปวช.3/1', 'การบัญชี'),
(601110190, 'นาย', 'ปิยภัทร', 'ผาสุข', 'ปวช.3/4', 'การบัญชี'),
(601110191, 'นาย', 'ปองกานต์', 'โคกฉวะ', 'ปวช.3/8', 'คอมพิวเตอร์ธุรกิจ'),
(601110193, 'นางสาว', 'กมลพร', 'พึ่งพระ', 'ปวช.3/2', 'การบัญชี'),
(601110198, 'นาย', 'เหมวิทย์', 'อุ่นสุด', 'ปวช.3/7', 'คอมพิวเตอร์ธุรกิจ'),
(601110201, 'นางสาว', 'สุวรรณี', 'ประทุมชัย', 'ปวช.3/1', 'การบัญชี'),
(601110204, 'นางสาว', 'ณัฐชา', 'รักยิ้ม', 'ปวช.3/14', 'คอมพิวเตอร์กราฟิก'),
(601110205, 'นางสาว', 'พัชรินทร์', 'เกิดคำ', 'ปวช.3/8', 'คอมพิวเตอร์ธุรกิจ'),
(601110206, 'นางสาว', 'อารยา', 'เจิมเเป้น', 'ปวช.3/1', 'การบัญชี'),
(601110207, 'นางสาว', 'ชลัยพร', 'นิลเเนบเเก้ว', 'ปวช.3/6', 'การตลาด'),
(601110208, 'นาย', 'พันธกานต์', 'วงค์ดวง', 'ปวช.3/13', 'คอมพิวเตอร์กราฟิก'),
(601110213, 'นางสาว', 'ขวัญใจ', 'สว่างภพ', 'ปวช.3/1', 'การบัญชี'),
(601110215, 'นาย', 'ไกรสร', 'กำนอก', 'ปวช.3/6', 'การตลาด'),
(601110217, 'นาย', 'นพนันท์', 'ศุภธนาณัฏฐ์', 'ปวช.3/7', 'คอมพิวเตอร์ธุรกิจ'),
(601110218, 'นาย', 'ธีรเดช', 'แก้วไทรเทียม', 'ปวช.3/5', 'การตลาด'),
(601110219, 'นางสาว', 'มาริษา', 'ทองถนอม', 'ปวช.3/1', 'การบัญชี'),
(601110220, 'นางสาว', 'โชติกา', 'สุรินทร์', 'ปวช.3/4', 'การบัญชี'),
(601110223, 'นางสาว', 'ธันยรัศมิ์', 'ธีรโชติธนกุล', 'ปวช.3/5', 'การตลาด'),
(601110224, 'นางสาว', 'ฐิตาภา', 'บุญสม', 'ปวช.3/3', 'การบัญชี'),
(601110225, 'นางสาว', 'อริสา', 'นามวงศ์ศรี', 'ปวช.3/3', 'การบัญชี'),
(601110226, 'นางสาว', 'อาจารี', 'คงพิบูลย์', 'ปวช.3/3', 'การบัญชี'),
(601110227, 'นางสาว', 'อภิญญา', 'กลิ่นเจริญ', 'ปวช.3/2', 'การบัญชี'),
(601110228, 'นางสาว', 'ขวัญมนัส', 'คำเพ็ง', 'ปวช.3/2', 'การบัญชี'),
(601110231, 'นางสาว', 'กรรณิการ์', 'เกียนทอง', 'ปวช.3/7', 'คอมพิวเตอร์ธุรกิจ'),
(601110234, 'นางสาว', 'ลลิตา', 'หาญกุดเลาะ', 'ปวช.3/4', 'การบัญชี'),
(601110237, 'นาย', 'ธนโชติ', 'ธงอาสา', 'ปวช.3/6', 'การตลาด'),
(601110238, 'นาย', 'สาธิต', 'ศรีบัวบาน', 'ปวช.3/6', 'การตลาด'),
(601110239, 'นาย', 'นัฐพล', 'บุญปก', 'ปวช.3/7', 'คอมพิวเตอร์ธุรกิจ'),
(601110240, 'นางสาว', 'ปาหนัน', 'ใจผ่อง', 'ปวช.3/14', 'คอมพิวเตอร์กราฟิก'),
(601110241, 'นาย', 'กิติศักดิ์', 'เขียวคำรพ', 'ปวช.3/14', 'คอมพิวเตอร์กราฟิก'),
(601110244, 'นางสาว', 'พรรณสุนีย์', 'เเก้วจันทร์', 'ปวช.3/7', 'คอมพิวเตอร์ธุรกิจ'),
(601110246, 'นาย', 'กล้าณรงค์', 'เเสงละออ', 'ปวช.3/14', 'คอมพิวเตอร์กราฟิก'),
(601110247, 'นางสาว', 'ปนัดดา', 'หงวนประโคน', 'ปวช.3/2', 'การบัญชี'),
(601110248, 'นาย', 'บรรณรต', 'ขันจ่าง', 'ปวช.3/13', 'คอมพิวเตอร์กราฟิก'),
(601110249, 'นางสาว', 'สุพัตรา', 'สอนเกตุ', 'ปวช.3/16', 'การท่องเที่ยว'),
(601110250, 'นางสาว', 'สโรชา', 'จั่นเพ็ชร์', 'ปวช.3/16', 'การท่องเที่ยว'),
(601110251, 'นางสาว', 'พิยดา', 'ทาระมล', 'ปวช.3/2', 'การบัญชี'),
(601110253, 'นางสาว', 'ธีรดา', 'ผิวทอง', 'ปวช.3/16', 'การท่องเที่ยว'),
(601110254, 'นาย', 'นพรัตน์', 'ป่าจันทร์', 'ปวช.3/7', 'คอมพิวเตอร์ธุรกิจ'),
(601110255, 'นาย', 'วีระชัย', 'ชวนจิตร', 'ปวช.3/7', 'คอมพิวเตอร์ธุรกิจ'),
(601110256, 'นาย', 'วีระพงศ์', 'ชวนจิตร', 'ปวช.3/7', 'คอมพิวเตอร์ธุรกิจ'),
(601110259, 'นาย', 'ภัทร์พล', 'อมาตยกุล', 'ปวช.3/15', 'การโรงแรม'),
(601110260, 'นาย', 'สหรัฐ', 'เพ็ชรธำรงค์เดช', 'ปวช.3/13', 'คอมพิวเตอร์กราฟิก'),
(601110261, 'นางสาว', 'ญารินดา', 'ลัยนันทน์', 'ปวช.3/1', 'การบัญชี'),
(601110262, 'นางสาว', 'จุฑามาส', 'ยิ้มทะโชติ', 'ปวช.3/5', 'การตลาด'),
(601110263, 'นาย', 'กิตติทัต', 'หาญจันทึก', 'ปวช.3/7', 'คอมพิวเตอร์ธุรกิจ'),
(601110264, 'นางสาว', 'กันนิกา', 'บุญระเทพ', 'ปวช.3/3', 'การบัญชี'),
(601110269, 'นางสาว', 'อรทัย', 'บุญคำ', 'ปวช.3/2', 'การบัญชี'),
(601110270, 'นาย', 'ธนากร', 'มาหมื่นไวย์', 'ปวช.3/16', 'การท่องเที่ยว'),
(601110271, 'นาย', 'ภาณุพงศ์', 'ประเสริฐนู', 'ปวช.3/8', 'คอมพิวเตอร์ธุรกิจ'),
(601110272, 'นาย', 'พรชัย', 'คร้ามปั่น', 'ปวช.3/7', 'คอมพิวเตอร์ธุรกิจ'),
(601110274, 'นาย', 'พันธกานต์', 'กองพร', 'ปวช.3/6', 'การตลาด'),
(601110275, 'นางสาว', 'จิรัชญา', 'บุญชู', 'ปวช.3/5', 'การตลาด'),
(601110276, 'นางสาว', 'นฤทัย', 'พ่วงธานี', 'ปวช.3/5', 'การตลาด'),
(601110277, 'นางสาว', 'รัชนีกร', 'ฉิมวงศ์', 'ปวช.3/16', 'การท่องเที่ยว'),
(601110280, 'นาย', 'ธีรวิทย์', 'ขำคม', 'ปวช.3/7', 'คอมพิวเตอร์ธุรกิจ'),
(601110281, 'นาย', 'อาทิตย์', 'วุฒิพิทยาปกรณ์', 'ปวช.3/6', 'การตลาด'),
(601110282, 'นาย', 'นิติพันธ์', 'สุขประเสริฐ', 'ปวช.3/6', 'การตลาด'),
(601110283, 'นางสาว', 'อัจฉริยา', 'บุญทา', 'ปวช.3/3', 'การบัญชี'),
(601110284, 'นางสาว', 'ปิยะภรณ์', '-', 'ปวช.3/3', 'การบัญชี'),
(601110285, 'นาย', 'จิตกร', 'สุขเปรม', 'ปวช.3/8', 'คอมพิวเตอร์ธุรกิจ'),
(601110286, 'นางสาว', 'ศิริลักษณ์', 'เสาหิน', 'ปวช.3/3', 'การบัญชี'),
(601110287, 'นาย', 'จิรายุ', 'ประสงค์', 'ปวช.3/4', 'การบัญชี'),
(601110288, 'นางสาว', 'อังคณา', 'ใหญ่เจริญยิ่ง', 'ปวช.3/15', 'การโรงแรม'),
(601110289, 'นางสาว', 'นภวรรณ', 'สุขมั่นคง', 'ปวช.3/15', 'การโรงแรม'),
(601110290, 'นางสาว', 'ศิวพร', 'ขุนทอง', 'ปวช.3/1', 'การบัญชี'),
(601110291, 'นางสาว', 'สุนิสา', 'จันทะกล', 'ปวช.3/6', 'การตลาด'),
(601110292, 'นาย', 'ธนวัฒน์', 'นาคพนม', 'ปวช.3/1', 'การบัญชี'),
(601110293, 'นางสาว', 'นิรินธนา', 'จั่นจุ้ย', 'ปวช.3/6', 'การตลาด'),
(601110294, 'นางสาว', 'ศิริวัลย์', 'จั่นจุ้ย', 'ปวช.3/3', 'การบัญชี'),
(601110295, 'นาย', 'ธนวัฒน์', 'เวียงนนท์', 'ปวช.3/6', 'การตลาด'),
(601110296, 'นาย', 'อชิตพล', 'สำนักนิตย์', 'ปวช.3/6', 'การตลาด'),
(601110297, 'นางสาว', 'พร', 'กองแสง', 'ปวช.3/2', 'การบัญชี'),
(601110301, 'นาย', 'วิชยา', 'บุญค้ำ', 'ปวช.3/16', 'การท่องเที่ยว'),
(601110302, 'นางสาว', 'ภัททราภรณ์', 'ทองสลับ', 'ปวช.3/8', 'คอมพิวเตอร์ธุรกิจ'),
(601110304, 'นาย', 'ภูวดล', 'อภิพงษ์', 'ปวช.3/6', 'การตลาด'),
(601110305, 'นาย', 'ธีรภัทร', 'จุ้ยเจิม', 'ปวช.3/16', 'การท่องเที่ยว'),
(601110306, 'นางสาว', 'ปริญญาพร', 'ลาประโคน', 'ปวช.3/3', 'การบัญชี'),
(601110307, 'นาย', 'สถาปัตย์', 'เทือกอุด', 'ปวช.3/8', 'คอมพิวเตอร์ธุรกิจ'),
(601110308, 'นางสาว', 'สมหมาย', 'พุ่มไพบูลย์', 'ปวช.3/3', 'การบัญชี'),
(601110311, 'นางสาว', 'ธีรนาฏ', 'รามโพธิ์', 'ปวช.3/16', 'การท่องเที่ยว'),
(601110312, 'นางสาว', 'นันทิกานต์', 'สายกระสุน', 'ปวช.3/4', 'การบัญชี'),
(601110313, 'นางสาว', 'ภัทรพร', 'บุตร์หงษ์', 'ปวช.3/16', 'การท่องเที่ยว'),
(601110314, 'นาย', 'จีรายุทธ', 'แนมขุนทด', 'ปวช.3/3', 'การบัญชี'),
(601110315, 'นาย', 'พีรพล', 'กระจาดทอง', 'ปวช.3/8', 'คอมพิวเตอร์ธุรกิจ'),
(601110316, 'นางสาว', 'จิตติมา', 'คำจีน', 'ปวช.3/16', 'การท่องเที่ยว'),
(601110317, 'นางสาว', 'สุลักษิณา', 'อ่อนทองอิน', 'ปวช.3/16', 'การท่องเที่ยว'),
(601110318, 'นาย', 'ฐานิกร', 'ภูมิรา', 'ปวช.3/7', 'คอมพิวเตอร์ธุรกิจ'),
(601110321, 'นาย', 'ทินกร', 'สิทธิสูงเนิน', 'ปวช.3/14', 'คอมพิวเตอร์กราฟิก'),
(601110323, 'นางสาว', 'ณฤดี', 'บุตรศรีภูมิ', 'ปวช.3/2', 'การบัญชี'),
(601110324, 'นาย', 'วิชญะ', 'มโนรถจตุรงค์', 'ปวช.3/14', 'คอมพิวเตอร์กราฟิก'),
(601110325, 'นาย', 'เจษฎา', 'อัศวสุวรรณ', 'ปวช.3/14', 'คอมพิวเตอร์กราฟิก'),
(601110326, 'นาย', 'โชคทวี', 'ไชยอำมาตย์', 'ปวช.3/13', 'คอมพิวเตอร์กราฟิก'),
(601110327, 'นางสาว', 'วริศรา', 'บัญชีเจริญ', 'ปวช.3/16', 'การท่องเที่ยว'),
(601110328, 'นาย', 'วิสุทธิ์', 'เรืองศรี', 'ปวช.3/1', 'การบัญชี'),
(601110329, 'นางสาว', 'ปิ่นมุก', 'ผัดตวง', 'ปวช.3/3', 'การบัญชี'),
(601110330, 'นางสาว', 'พรไพลิน', 'อ่วมเรือง', 'ปวช.3/1', 'การบัญชี'),
(601110331, 'นางสาว', 'จิรัชญา', 'จิราพงษ์', 'ปวช.3/7', 'คอมพิวเตอร์ธุรกิจ'),
(601110333, 'นาย', 'เปา', '-', 'ปวช.3/3', 'การบัญชี'),
(601110334, 'นางสาว', 'ณิชาภัทร์', 'เมฆสวัสดิ์', 'ปวช.3/3', 'การบัญชี'),
(601110336, 'นางสาว', 'ณัฐฏิกานต์', 'จันทร์ขำ', 'ปวช.3/5', 'การตลาด'),
(601110337, 'นางสาว', 'พิมพกานต์', 'นิลประพัฒน์', 'ปวช.3/5', 'การตลาด'),
(601110338, 'นาย', 'พิทยา', 'ยิ้มประไพ', 'ปวช.3/14', 'คอมพิวเตอร์กราฟิก'),
(601110339, 'นางสาว', 'กัญญารัตน์', 'จุ่นมีวงศ์', 'ปวช.3/16', 'การท่องเที่ยว'),
(601110340, 'นาย', 'วรพงศ์', 'เสนาพิทักษ์', 'ปวช.3/13', 'คอมพิวเตอร์กราฟิก'),
(601110341, 'นางสาว', 'วรดี', 'มาเกิด', 'ปวช.3/3', 'การบัญชี'),
(601110342, 'นางสาว', 'พัฑฒิดา', 'วายุรัตน์', 'ปวช.3/5', 'การตลาด'),
(601110343, 'นาย', 'ธนายุทธ', 'วงษ์หมุด', 'ปวช.3/1', 'การบัญชี'),
(601110344, 'นาย', 'ปิ่นพงศ์', 'ตรีอาภรณ์วงศ์', 'ปวช.3/14', 'คอมพิวเตอร์กราฟิก'),
(601110345, 'นางสาว', 'พิชชาภา', 'เลิศลักษณากุล', 'ปวช.3/16', 'การท่องเที่ยว'),
(601110346, 'นางสาว', 'กนกวรรณ', 'จั่นหรุ่น', 'ปวช.3/2', 'การบัญชี'),
(601110349, 'นาย', 'ทรงวุฒิ', 'พอกพูน', 'ปวช.3/5', 'การตลาด'),
(601110350, 'นางสาว', 'ณัฐมน', 'มิ่งทองคำ', 'ปวช.3/1', 'การบัญชี'),
(601110351, 'นาย', 'ภูวดล', 'กองแก้ว', 'ปวช.3/16', 'การท่องเที่ยว'),
(601110352, 'นาย', 'กิตติทัต', 'ศรีชินเลิศ', 'ปวช.3/16', 'การท่องเที่ยว'),
(601110354, 'นางสาว', 'ปนัดดา', 'กองดี', 'ปวช.3/5', 'การตลาด'),
(601110356, 'นาย', 'อนุชิต', 'พานิคม', 'ปวช.3/5', 'การตลาด'),
(601110359, 'นางสาว', 'กรรฐิมา', 'สุธรรมเจริญโชค', 'ปวช.3/16', 'การท่องเที่ยว'),
(601110360, 'นาย', 'สมรัก', 'แสนเดช', 'ปวช.3/6', 'การตลาด'),
(601110361, 'นางสาว', 'ปรียาดา', 'อ่อนสร้อย', 'ปวช.3/14', 'คอมพิวเตอร์กราฟิก'),
(601110362, 'นางสาว', 'กิตติมา', 'สุขวิพัฒน์', 'ปวช.3/16', 'การท่องเที่ยว'),
(601110363, 'นางสาว', 'นพมาศ', 'จันทิ', 'ปวช.3/3', 'การบัญชี'),
(601110367, 'นางสาว', 'โชติรส', 'นมัสศิลา', 'ปวช.3/1', 'การบัญชี'),
(601110370, 'นาย', 'จักรกฤษ', 'กุเกิด', 'ปวช.3/13', 'คอมพิวเตอร์กราฟิก'),
(601110371, 'นางสาว', 'โยษิตา', 'ศรีจันทร์โฉม', 'ปวช.3/13', 'คอมพิวเตอร์กราฟิก'),
(601110373, 'นาย', 'กฤษดากร', 'สิงห์เรือง', 'ปวช.3/4', 'การบัญชี'),
(601110377, 'นางสาว', 'ปาริชาติ', 'แย้มแก้ว', 'ปวช.3/3', 'การบัญชี'),
(601110378, 'นางสาว', 'เนตรอัปสร', 'จักรเพ็ชร', 'ปวช.3/6', 'การตลาด'),
(601110379, 'นางสาว', 'ประสิตา', 'สระมงคล', 'ปวช.3/15', 'การโรงแรม'),
(601110380, 'นางสาว', 'จิรวรรณ์', 'เทียมวงษ์', 'ปวช.3/16', 'การท่องเที่ยว'),
(601110382, 'นางสาว', 'อภิญญา', 'บาระมี', 'ปวช.3/16', 'การท่องเที่ยว'),
(601110383, 'นางสาว', 'ธนัชชา', 'เลิศวัฒน์ธนกุล', 'ปวช.3/15', 'การโรงแรม'),
(601110384, 'นาย', 'ยศกร', 'กิรัมย์', 'ปวช.3/5', 'การตลาด'),
(601110387, 'นาย', 'ศุภกร', 'เลื่อนกุลพงษ์', 'ปวช.3/7', 'คอมพิวเตอร์ธุรกิจ'),
(601110388, 'นาย', 'ฐิติพล', 'อยู่สกุล', 'ปวช.3/14', 'คอมพิวเตอร์กราฟิก'),
(601110389, 'นางสาว', 'อินทิราภรณ์', 'สายแก้ว', 'ปวช.3/8', 'คอมพิวเตอร์ธุรกิจ'),
(601110390, 'นาย', 'สุขภมร', 'นามใจ', 'ปวช.3/13', 'คอมพิวเตอร์กราฟิก'),
(601110391, 'นาย', 'พัฒนพงษ์', 'นามแก้ว', 'ปวช.3/5', 'การตลาด'),
(601110392, 'นาย', 'วัชระ', 'ประโยตัง', 'ปวช.3/6', 'การตลาด'),
(601110393, 'นางสาว', 'พิยดา', 'กันหาชาลี', 'ปวช.3/7', 'คอมพิวเตอร์ธุรกิจ'),
(601110394, 'นาย', 'กิตติเทพ', 'ฤกษ์กรี', 'ปวช.3/6', 'การตลาด'),
(601110395, 'นาย', 'เชษฐวัฒน์', 'โยชนะ', 'ปวช.3/13', 'คอมพิวเตอร์กราฟิก'),
(601110398, 'นางสาว', 'ณัชชา', 'กลิ่นเจริญ', 'ปวช.3/13', 'คอมพิวเตอร์กราฟิก'),
(601110399, 'นาย', 'มานพชัย', 'พรรษา', 'ปวช.3/14', 'คอมพิวเตอร์กราฟิก'),
(601110400, 'นางสาว', 'ปณิดา', 'เจียงรักษา', 'ปวช.3/1', 'การบัญชี'),
(601110402, 'นาย', 'นันทชัย', 'ค้ำวิลัย', 'ปวช.3/14', 'คอมพิวเตอร์กราฟิก'),
(601110405, 'นาย', 'กฤษดา', 'สันตะมาน', 'ปวช.3/14', 'คอมพิวเตอร์กราฟิก'),
(601110406, 'นาย', 'ณัฐพล', 'พุทธรักษา', 'ปวช.3/13', 'คอมพิวเตอร์กราฟิก'),
(601110407, 'นางสาว', 'สุธิดา', 'ไชยภา', 'ปวช.3/6', 'การตลาด'),
(601110408, 'นางสาว', 'อรยา', 'ชูปาน', 'ปวช.3/8', 'คอมพิวเตอร์ธุรกิจ'),
(601110409, 'นางสาว', 'สุนิสา', 'ด้านเนาลา', 'ปวช.3/16', 'การท่องเที่ยว'),
(601110411, 'นางสาว', 'ภาวินี', 'ภูมิเมือง', 'ปวช.3/6', 'การตลาด'),
(601110412, 'นาย', 'ธวัชชัย', 'วรรณยะโต', 'ปวช.3/13', 'คอมพิวเตอร์กราฟิก'),
(601110413, 'นาย', 'วุฒิศักดิ์', 'วิจิตรศรี', 'ปวช.3/13', 'คอมพิวเตอร์กราฟิก'),
(601110414, 'นางสาว', 'จุ๋มทิพย์', 'ตาบาน', 'ปวช.3/5', 'การตลาด'),
(601110415, 'นาย', 'สิทธิรัตน์', 'อานนท์สถาพร', 'ปวช.3/7', 'คอมพิวเตอร์ธุรกิจ'),
(601110417, 'นางสาว', 'สุปรียา', 'สงวนวงษ์', 'ปวช.3/1', 'การบัญชี'),
(601110418, 'นางสาว', 'กนกวรรณ', 'สายใหม่', 'ปวช.3/3', 'การบัญชี'),
(601110419, 'นางสาว', 'จิราพัชร', 'คำภูแสน', 'ปวช.3/5', 'การตลาด'),
(601110420, 'นางสาว', 'เวธนี', 'คลังเจริญ', 'ปวช.3/3', 'การบัญชี'),
(601110421, 'นางสาว', 'จันทกาณต์', 'คงปาน', 'ปวช.3/1', 'การบัญชี'),
(601110423, 'นาย', 'ประพันธ์', 'ศรีบุญเพ็ง', 'ปวช.3/3', 'การบัญชี'),
(601110424, 'นาย', 'พิพัฒนพงศ์', 'สุขสบาย', 'ปวช.3/13', 'คอมพิวเตอร์กราฟิก'),
(601110425, 'นาย', 'จิรวัฒน์', 'ครืนอุระ', 'ปวช.3/14', 'คอมพิวเตอร์กราฟิก'),
(601110426, 'นาย', 'ธัญธร', 'กิจกล้า', 'ปวช.3/14', 'คอมพิวเตอร์กราฟิก'),
(601110431, 'นางสาว', 'กุลธิดา', 'ทินเจริญเศรษฐ์', 'ปวช.3/6', 'การตลาด'),
(601110432, 'นาย', 'นพพล', 'แซ่หย่าง', 'ปวช.3/8', 'คอมพิวเตอร์ธุรกิจ'),
(601110433, 'นางสาว', 'กมลลักษณ์', 'เนียมนาค', 'ปวช.3/4', 'การบัญชี'),
(601110434, 'นางสาว', 'ดวงพร', 'จรรยาธรรม', 'ปวช.3/2', 'การบัญชี'),
(601110436, 'นางสาว', 'นภัสสร', 'ขอบเพ็ชร', 'ปวช.3/5', 'การตลาด'),
(601110437, 'นางสาว', 'ธีรนาฏ', 'อิทธิการ', 'ปวช.3/15', 'การโรงแรม'),
(601110438, 'นางสาว', 'กัญญารัตน์', 'พรมวัน', 'ปวช.3/3', 'การบัญชี'),
(601110440, 'นาย', 'กฤษฎา', 'พรมภักดี', 'ปวช.3/7', 'คอมพิวเตอร์ธุรกิจ'),
(601110441, 'นางสาว', 'ชลธิชา', 'บุญวิเศษ', 'ปวช.3/15', 'การโรงแรม'),
(601110443, 'นางสาว', 'อรพินท์', 'อินทสังข์', 'ปวช.3/6', 'การตลาด'),
(601110446, 'นางสาว', 'ฟารีดา', 'สว่างเรืองฤทธิ์', 'ปวช.3/2', 'การบัญชี'),
(601110447, 'นางสาว', 'ภรวรรณ', 'หยิบจันทร์', 'ปวช.3/1', 'การบัญชี'),
(601110448, 'นางสาว', 'สกาวเดือน', 'ชินพรมมา', 'ปวช.3/2', 'การบัญชี'),
(601110449, 'นาย', 'ธนธร', 'วิชัยผิน', 'ปวช.3/7', 'คอมพิวเตอร์ธุรกิจ'),
(601110450, 'นาย', 'ศุภเลิศ', 'สุ่มสม', 'ปวช.3/8', 'คอมพิวเตอร์ธุรกิจ'),
(601110451, 'นาย', 'ธนากร', 'ประเสริฐวัฒนากุล', 'ปวช.3/13', 'คอมพิวเตอร์กราฟิก'),
(601110453, 'นาย', 'วัชรพล', 'สุภาพ', 'ปวช.3/7', 'คอมพิวเตอร์ธุรกิจ'),
(601110454, 'นาย', 'พิศิษฐ์', 'ทองสว่าง', 'ปวช.3/6', 'การตลาด'),
(601110455, 'นาย', 'เดชาพล', 'ศรีบุญขำ', 'ปวช.3/7', 'คอมพิวเตอร์ธุรกิจ'),
(601110457, 'นาย', 'ภูวเนตร', 'แหล้จันทร์', 'ปวช.3/8', 'คอมพิวเตอร์ธุรกิจ'),
(601110458, 'นาย', 'ศราวุธ', 'ขุนทิพย์', 'ปวช.3/6', 'การตลาด'),
(601110461, 'นาย', 'อังกฤษณ์', 'จินดามรกต', 'ปวช.3/16', 'การท่องเที่ยว'),
(601110462, 'นางสาว', 'ภัทรวดี', 'เอมพรหม', 'ปวช.3/8', 'คอมพิวเตอร์ธุรกิจ'),
(601110463, 'นางสาว', 'อรวรรณ', 'เอี่ยมกล่ำ', 'ปวช.3/2', 'การบัญชี'),
(601110464, 'นาย', 'วราพงษ์', 'ลอยสุวงศ์', 'ปวช.3/8', 'คอมพิวเตอร์ธุรกิจ'),
(601110465, 'นาย', 'ธรรมรักษ์', 'ภูอุทัย', 'ปวช.3/8', 'คอมพิวเตอร์ธุรกิจ'),
(601110466, 'นางสาว', 'น้ำฝน', 'เเจ้งสว่าง', 'ปวช.3/3', 'การบัญชี'),
(601110468, 'นาย', 'ธีรวัฒน์', 'บุญคุ้ม', 'ปวช.3/2', 'การบัญชี'),
(601110469, 'นางสาว', 'กรรณิการ์', 'ตาวงษ์', 'ปวช.3/15', 'การโรงแรม'),
(601110470, 'นาย', 'อภิสิทธิ์', 'เเฮนเซน', 'ปวช.3/16', 'การท่องเที่ยว'),
(601110471, 'นาย', 'นฤพนธ์', 'เเพทองคำ', 'ปวช.3/6', 'การตลาด'),
(601110472, 'นาย', 'อาเล็ก', 'ใหม่แก้ว', 'ปวช.3/5', 'การตลาด'),
(601110473, 'นาย', 'ปฏิภาณ', 'จำปาสิทธิ์', 'ปวช.3/7', 'คอมพิวเตอร์ธุรกิจ'),
(601110474, 'นาย', 'รุ่งโรจน์', 'จันทร์ทองสุข', 'ปวช.3/13', 'คอมพิวเตอร์กราฟิก'),
(601110475, 'นาย', 'นิวัฒน์', 'เมืองถาวร', 'ปวช.3/13', 'คอมพิวเตอร์กราฟิก'),
(601110476, 'นาย', 'อัษฎาวุธ', 'บัวชัย', 'ปวช.3/13', 'คอมพิวเตอร์กราฟิก'),
(601110477, 'นาย', 'ศรายุธ', 'นาเจริญ', 'ปวช.3/2', 'การบัญชี'),
(601110478, 'นาย', 'ทินภัทร', 'เดิมสันเทียะ', 'ปวช.3/7', 'คอมพิวเตอร์ธุรกิจ'),
(601110480, 'นางสาว', 'สุจิตรา', 'ศรีบุญมา', 'ปวช.3/5', 'การตลาด'),
(601110481, 'นาย', 'ณัฐวัตร', 'สุชานิธิกุล', 'ปวช.3/8', 'คอมพิวเตอร์ธุรกิจ'),
(601110482, 'นาย', 'ชุติภาส', 'วงษ์นาค', 'ปวช.3/8', 'คอมพิวเตอร์ธุรกิจ'),
(601110484, 'นางสาว', 'ปาริตา', 'แก้วบุรี', 'ปวช.3/3', 'การบัญชี'),
(601110485, 'นาย', 'สหรักษ์', 'แก่นหงษ์', 'ปวช.3/7', 'คอมพิวเตอร์ธุรกิจ'),
(601110486, 'นาย', 'พีรพล', 'เพิ่มพูล', 'ปวช.3/8', 'คอมพิวเตอร์ธุรกิจ'),
(601110487, 'นางสาว', 'อานัตตา', 'ไกรสอน', 'ปวช.3/7', 'คอมพิวเตอร์ธุรกิจ'),
(601110488, 'นาย', 'อุกฤษฎ์', 'จิตรกานต์วงศ์', 'ปวช.3/7', 'คอมพิวเตอร์ธุรกิจ'),
(601110489, 'นาย', 'รัฐพงษ์', 'รัตนะดี', 'ปวช.3/5', 'การตลาด'),
(601110491, 'นางสาว', 'ธัญวรัตน์', 'มักมีสุข', 'ปวช.3/4', 'การบัญชี'),
(601110493, 'นาย', 'พรพิพัฒน์', 'โกทัน', 'ปวช.3/6', 'การตลาด'),
(601110495, 'นางสาว', 'ชัญญา', 'คุณชื่น', 'ปวช.3/16', 'การท่องเที่ยว'),
(601110497, 'นาย', 'สุกลพศิษฏ์', 'ศรีเพ็ชรวงศ์', 'ปวช.3/15', 'การโรงแรม'),
(601110498, 'นางสาว', 'ปนิศรา', 'สุนทรพระ', 'ปวช.3/6', 'การตลาด'),
(601110503, 'นางสาว', 'ฐนัญญา', 'พุทธถาวรกุล', 'ปวช.3/16', 'การท่องเที่ยว'),
(601110504, 'นางสาว', 'สุรัสวดี', 'หมั่นการ', 'ปวช.3/15', 'การโรงแรม'),
(601110505, 'นางสาว', 'ชมพูนุช', 'เพชรสังกฤต', 'ปวช.3/6', 'การตลาด'),
(601110506, 'นาย', 'ศรัณยู', 'ถิ่นทัพไทย', 'ปวช.3/2', 'การบัญชี'),
(601110508, 'นาย', 'วัฒนชัย', 'อุ่นศรี', 'ปวช.3/8', 'คอมพิวเตอร์ธุรกิจ'),
(601110509, 'นางสาว', 'อภิชญา', 'หวังอารีย์', 'ปวช.3/16', 'การท่องเที่ยว'),
(601110510, 'นางสาว', 'ครองฝัน', 'พิมดา', 'ปวช.3/3', 'การบัญชี'),
(601110511, 'นางสาว', 'สุธิดา', 'สัพโส', 'ปวช.3/15', 'การโรงแรม'),
(601110514, 'นาย', 'เจษฎา', 'กลับอินทร์', 'ปวช.3/15', 'การโรงแรม'),
(601110515, 'นาย', 'ฐิติพันธ์', 'เปี่ยมศิริ', 'ปวช.3/5', 'การตลาด'),
(601110516, 'นางสาว', 'อลิสา', 'ซ่อมจันทึก', 'ปวช.3/8', 'คอมพิวเตอร์ธุรกิจ'),
(601110519, 'นางสาว', 'นวรินทร์', 'มุ้ยห้วยเเก้ว', 'ปวช.3/1', 'การบัญชี'),
(601110520, 'นาย', 'นคเรศ', 'ชาวบ้านใหม่', 'ปวช.3/13', 'คอมพิวเตอร์กราฟิก'),
(601110521, 'นาย', 'ธีระภัทร', 'บุญสิริศานต์', 'ปวช.3/5', 'การตลาด'),
(601110522, 'นาย', 'ภัทรกร', 'เเซ่ตั้ง', 'ปวช.3/15', 'การโรงแรม'),
(601110523, 'นาย', 'ณรงค์ศักดิ์', 'แซ่แต้', 'ปวช.3/2', 'การบัญชี'),
(601110526, 'นาย', 'ธนภัทร', 'ธารี', 'ปวช.3/14', 'คอมพิวเตอร์กราฟิก'),
(601110528, 'นางสาว', 'ณัฐวรา', 'จิมะเริง', 'ปวช.3/1', 'การบัญชี'),
(601110531, 'นางสาว', 'ชลดา', 'มัคเจริญ', 'ปวช.3/5', 'การตลาด'),
(601110532, 'นาย', 'บรรพต', 'หลงมาดี', 'ปวช.3/7', 'คอมพิวเตอร์ธุรกิจ'),
(601110533, 'นางสาว', 'สุวารี', 'มีแก้วงาม', 'ปวช.3/1', 'การบัญชี'),
(601110534, 'นางสาว', 'ณัฐวรรณ', 'ปานสินธ์', 'ปวช.3/6', 'การตลาด'),
(601110535, 'นาย', 'พุฒิพงค์', 'เอี่ยมมี', 'ปวช.3/1', 'การบัญชี'),
(601110536, 'นาย', 'คมิก', 'ภรธนาวัฒน์', 'ปวช.3/6', 'การตลาด'),
(601110537, 'นาย', 'นวพล', 'ชาวบ้านใหม่', 'ปวช.3/13', 'คอมพิวเตอร์กราฟิก'),
(601110538, 'นาย', 'ธนาวุฒิ', 'บวรเดชธนากูล', 'ปวช.3/14', 'คอมพิวเตอร์กราฟิก'),
(601110539, 'นางสาว', 'ปภัสสร', 'ปุราชะกา', 'ปวช.3/4', 'การบัญชี'),
(601110542, 'นาย', 'ภูวิศ', 'ดีมาก', 'ปวช.3/7', 'คอมพิวเตอร์ธุรกิจ'),
(601110543, 'นาย', 'ถิรวุฒิ', 'สนกันหา', 'ปวช.3/6', 'การตลาด'),
(601110544, 'นางสาว', 'อุบลวรรณ', 'มิ่งแก้ว', 'ปวช.3/1', 'การบัญชี'),
(601110545, 'นาย', 'นครินทร์', 'กระแสราช', 'ปวช.3/5', 'การตลาด'),
(601110546, 'นางสาว', 'ศิริลักษณ์', 'ประวัน', 'ปวช.3/5', 'การตลาด'),
(601110548, 'นาย', 'พลวัต', 'เรืองรอง', 'ปวช.3/7', 'คอมพิวเตอร์ธุรกิจ'),
(601110549, 'นาย', 'ณัฐพล', 'คงทอง', 'ปวช.3/14', 'คอมพิวเตอร์กราฟิก'),
(601110550, 'นาย', 'อติชาติ', 'ผู้แสนสอาด', 'ปวช.3/8', 'คอมพิวเตอร์ธุรกิจ'),
(601110551, 'นาย', 'ณัฐวัตร', 'จอมคำสิงห์', 'ปวช.3/7', 'คอมพิวเตอร์ธุรกิจ'),
(601110552, 'นางสาว', 'กชกร', 'คำบุดดา', 'ปวช.3/1', 'การบัญชี'),
(601110554, 'นางสาว', 'ปภัสรา', 'อ่วมนากะ', 'ปวช.3/8', 'คอมพิวเตอร์ธุรกิจ'),
(601110555, 'นาย', 'ธวัชชัย', 'เกิดเกษม', 'ปวช.3/14', 'คอมพิวเตอร์กราฟิก'),
(601110558, 'นาย', 'ภูรินทร์', 'เย็นฤดียิ่ง', 'ปวช.3/8', 'คอมพิวเตอร์ธุรกิจ'),
(601110559, 'นาย', 'อำนาจ', 'ใจดี', 'ปวช.3/6', 'การตลาด'),
(601110560, 'นางสาว', 'ณัฐพร', 'สิทธิรักษ์', 'ปวช.3/4', 'การบัญชี'),
(601110562, 'นางสาว', 'พัชรินทร์', 'บูชา', 'ปวช.3/8', 'คอมพิวเตอร์ธุรกิจ'),
(601110563, 'นางสาว', 'ปณิตตา', 'บุตรเกตุ', 'ปวช.3/3', 'การบัญชี'),
(601110565, 'นางสาว', 'เกษราภรณ์', 'นาคเจริญ', 'ปวช.3/4', 'การบัญชี'),
(601110568, 'นางสาว', 'ณัฐณิชา', 'เงาไพร', 'ปวช.3/5', 'การตลาด'),
(601110569, 'นางสาว', 'กัญญาภัค', 'อุ่งช้าง', 'ปวช.3/1', 'การบัญชี'),
(601110572, 'นางสาว', 'พัสตราภรณ์', 'สุวรรณรัตน์', 'ปวช.3/15', 'การโรงแรม'),
(601110573, 'นาย', 'อรรถพล', 'นามยศ', 'ปวช.3/7', 'คอมพิวเตอร์ธุรกิจ'),
(601110574, 'นาย', 'จิรภัทร', 'สีดาวงค์', 'ปวช.3/7', 'คอมพิวเตอร์ธุรกิจ'),
(601110576, 'นาย', 'ธนาวุฒิ', 'ขวัญอยู่เย็น', 'ปวช.3/1', 'การบัญชี'),
(601110577, 'นางสาว', 'ทิพธิดา', 'เกิดเจริญ', 'ปวช.3/2', 'การบัญชี'),
(601110578, 'นาย', 'ธีระภัทร์', 'ลาภูตะมะ', 'ปวช.3/2', 'การบัญชี'),
(601110579, 'นาย', 'พีรวัฒน์', 'ภูจัตตุ', 'ปวช.3/5', 'การตลาด'),
(601110580, 'นาย', 'ยศวรรธน์', 'แจทอง', 'ปวช.3/6', 'การตลาด'),
(601110581, 'นาย', 'สุข', 'ทรายมูล', 'ปวช.3/1', 'การบัญชี'),
(601110582, 'นาย', 'รังสรรค์', 'นาแก้ว', 'ปวช.3/6', 'การตลาด'),
(601110583, 'นาย', 'อรรถกร', 'ปานดี', 'ปวช.3/8', 'คอมพิวเตอร์ธุรกิจ'),
(601110584, 'นาย', 'น้ำพุ', 'สังฆทัต ณ อยุธยา', 'ปวช.3/13', 'คอมพิวเตอร์กราฟิก'),
(601110585, 'นาย', 'พันวิรัตน์', 'ทองดี', 'ปวช.3/14', 'คอมพิวเตอร์กราฟิก'),
(601110586, 'นาย', 'สถาพร', 'วงษ์โท', 'ปวช.3/8', 'คอมพิวเตอร์ธุรกิจ'),
(601110588, 'นาย', 'พัฒนวัฒน์', 'ประดิษฐ์แสงรังษี', 'ปวช.3/8', 'คอมพิวเตอร์ธุรกิจ'),
(601110591, 'นางสาว', 'อภิวันท์', 'อุดป่าคา', 'ปวช.3/3', 'การบัญชี'),
(601110594, 'นางสาว', 'เรรริมา', 'แสงสุริยา', 'ปวช.3/4', 'การบัญชี'),
(601110595, 'นางสาว', 'ธนพร', 'เเสงสว่าง', 'ปวช.3/3', 'การบัญชี'),
(601110597, 'นางสาว', 'สุดารัตน์', 'ตันเที่ยง', 'ปวช.3/16', 'การท่องเที่ยว'),
(601110598, 'นางสาว', 'วรรณภาพร', 'ดีกระจ่าง', 'ปวช.3/1', 'การบัญชี'),
(601110599, 'นางสาว', 'ชนาภา', 'สังข์ทอง', 'ปวช.3/7', 'คอมพิวเตอร์ธุรกิจ'),
(601110600, 'นางสาว', 'อรชพร', 'ช้างน้อย', 'ปวช.3/5', 'การตลาด'),
(601110601, 'นางสาว', 'ศิริวิภา', 'ปานพิมพ์', 'ปวช.3/4', 'การบัญชี'),
(601110602, 'นาย', 'วรพล', 'เพชรประเสริฐผล', 'ปวช.3/13', 'คอมพิวเตอร์กราฟิก'),
(601110603, 'นาย', 'ธชา', 'สุขใส', 'ปวช.3/16', 'การท่องเที่ยว'),
(601110605, 'นางสาว', 'มนัสวี', 'นุชนารถ', 'ปวช.3/3', 'การบัญชี'),
(601110607, 'นาย', 'ธีรณัฐ', 'เงินไพโรจน์', 'ปวช.3/8', 'คอมพิวเตอร์ธุรกิจ'),
(601110610, 'นางสาว', 'ญาณิศา', 'เท่าสาร', 'ปวช.3/2', 'การบัญชี'),
(601110611, 'นาย', 'กฤษณะพงษ์', 'มาตา', 'ปวช.3/8', 'คอมพิวเตอร์ธุรกิจ'),
(601110613, 'นาย', 'ธีรพงศ์', 'อินทรมณี', 'ปวช.3/15', 'การโรงแรม'),
(601110614, 'นางสาว', 'วิภารัตน์', 'ยานะรินทร์', 'ปวช.3/16', 'การท่องเที่ยว'),
(601110615, 'นางสาว', 'จุฑามาส', 'น้อยพานิช', 'ปวช.3/1', 'การบัญชี'),
(601110621, 'นางสาว', 'เมษา', 'ทองสุข', 'ปวช.3/13', 'คอมพิวเตอร์กราฟิก'),
(601110622, 'นางสาว', 'กัณสิมา', 'ประเสริฐสม', 'ปวช.3/7', 'คอมพิวเตอร์ธุรกิจ'),
(601110623, 'นางสาว', 'อรณิชา', 'มงคลจักรวาฬ', 'ปวช.3/5', 'การตลาด'),
(601110624, 'นางสาว', 'ณิชาภัส', 'มักมีสุข', 'ปวช.3/4', 'การบัญชี'),
(601110626, 'นาย', 'พิพัฒน์พล', 'จ้อยเจริญ', 'ปวช.3/6', 'การตลาด'),
(601110627, 'นาย', 'อนุเนตร', 'เหลาเลิศ', 'ปวช.3/13', 'คอมพิวเตอร์กราฟิก'),
(601110628, 'นางสาว', 'เจนจิรา', 'แซ่ลิ้ม', 'ปวช.3/13', 'คอมพิวเตอร์กราฟิก'),
(601110629, 'นาย', 'วันเฉลิม', 'บำรุงนางาม', 'ปวช.3/14', 'คอมพิวเตอร์กราฟิก'),
(601110630, 'นาย', 'ชัยพฤกษ์', 'คงสินสุข', 'ปวช.3/6', 'การตลาด'),
(601110632, 'นาย', 'ชวลิต', 'ภิญญะวัย', 'ปวช.3/7', 'คอมพิวเตอร์ธุรกิจ'),
(601110633, 'นาย', 'พฤทธิ์พงศ์', 'ประเสริฐโถ', 'ปวช.3/8', 'คอมพิวเตอร์ธุรกิจ'),
(601110634, 'นาย', 'สุทธิพัฒน์', 'กั้นห้องกลาง', 'ปวช.3/14', 'คอมพิวเตอร์กราฟิก'),
(601110635, 'นาย', 'สุทธิพงษ์', 'อุ่นสา', 'ปวช.3/7', 'คอมพิวเตอร์ธุรกิจ'),
(601110636, 'นาย', 'พงศ์ภัค', 'เขียวโพธิ์', 'ปวช.3/7', 'คอมพิวเตอร์ธุรกิจ'),
(601110639, 'นาย', 'ภัทราวุธ', 'แสงศรี', 'ปวช.3/14', 'คอมพิวเตอร์กราฟิก'),
(601110640, 'นาย', 'นพรัตน์', 'โพธิ์จักร์', 'ปวช.3/7', 'คอมพิวเตอร์ธุรกิจ'),
(601110642, 'นาย', 'ศิลา', 'หอมทอง', 'ปวช.3/5', 'การตลาด'),
(601110643, 'นางสาว', 'อรณิชา', 'โมมขุนทด', 'ปวช.3/6', 'การตลาด'),
(601110644, 'นางสาว', 'สุดารัตน์', 'พรมงาม', 'ปวช.3/5', 'การตลาด'),
(601110645, 'นาย', 'ธาดา', 'มั่งมีคุณธรรม', 'ปวช.3/7', 'คอมพิวเตอร์ธุรกิจ'),
(601110646, 'นางสาว', 'ชุติมา', 'มูลวรรณ์', 'ปวช.3/3', 'การบัญชี'),
(601110648, 'นาย', 'ชินวัตร', 'พลโคตร', 'ปวช.3/3', 'การบัญชี'),
(601110649, 'นาย', 'แรม', 'นนทอง', 'ปวช.3/2', 'การบัญชี'),
(601110651, 'นางสาว', 'พรนภา', 'บาตสุวรรณ', 'ปวช.3/16', 'การท่องเที่ยว'),
(601110652, 'นาย', 'ธาดา', 'กองสุข', 'ปวช.3/6', 'การตลาด'),
(601110653, 'นางสาว', 'จิรนันท์', 'ประถม', 'ปวช.3/13', 'คอมพิวเตอร์กราฟิก'),
(601110654, 'นาย', 'ณัฐวุฒิ', 'มากมี', 'ปวช.3/5', 'การตลาด'),
(601110655, 'นางสาว', 'ปริญญา', 'คำบุญเรือง', 'ปวช.3/6', 'การตลาด'),
(601110657, 'นางสาว', 'ธนัชพร', 'รุ่งมณีธรรมคุณ', 'ปวช.3/1', 'การบัญชี'),
(601110659, 'นาย', 'ภาคภูมิ', 'รำเพยพงศ์', 'ปวช.3/5', 'การตลาด'),
(601110660, 'นาย', 'ทักษะ', 'นุชกลาง', 'ปวช.3/14', 'คอมพิวเตอร์กราฟิก'),
(601110661, 'นาย', 'ณัฐพงศ์', 'ชมถนอม', 'ปวช.3/16', 'การท่องเที่ยว'),
(601110662, 'นางสาว', 'สริตา', 'อินทรสุวรรณ์', 'ปวช.3/4', 'การบัญชี'),
(601110663, 'นางสาว', 'วรัชยา', 'ดอกเตย', 'ปวช.3/16', 'การท่องเที่ยว'),
(601110664, 'นางสาว', 'สโรชา', 'บุญประเสริฐ', 'ปวช.3/1', 'การบัญชี'),
(601110665, 'นาย', 'ชิษนุพงษ์', 'บุญภัทรานนท์', 'ปวช.3/8', 'คอมพิวเตอร์ธุรกิจ'),
(601110668, 'นาย', 'สรยุทธ', 'ศรีรัตน์', 'ปวช.3/8', 'คอมพิวเตอร์ธุรกิจ'),
(601110670, 'นาย', 'ณัฐวัฒน์', 'ชนะพันธ์', 'ปวช.3/8', 'คอมพิวเตอร์ธุรกิจ'),
(601110671, 'นาย', 'ชินพัฒน์', 'ภูมิสาขา', 'ปวช.3/6', 'การตลาด'),
(601110673, 'นาย', 'ธนะรัชต์', 'สุภนาม', 'ปวช.3/7', 'คอมพิวเตอร์ธุรกิจ'),
(601110674, 'นางสาว', 'รุจิรา', 'อ่ำเอกชน', 'ปวช.3/4', 'การบัญชี'),
(601110675, 'นางสาว', 'สุธินันท์', 'ทับทิมกลาง', 'ปวช.3/6', 'การตลาด'),
(601110676, 'นางสาว', 'วรรดี', 'คุณธานี', 'ปวช.3/3', 'การบัญชี'),
(601110677, 'นางสาว', 'ณัฐณิชา', 'มิ่งประยูร', 'ปวช.3/5', 'การตลาด'),
(601110681, 'นางสาว', 'เมธาวี', 'เพ็ชรตะกั่ว', 'ปวช.3/2', 'การบัญชี'),
(601110682, 'นางสาว', 'พุมเรียง', 'สุขเจริญ', 'ปวช.3/3', 'การบัญชี'),
(601110683, 'นาย', 'คีตภัทร', 'อยู่ทอง', 'ปวช.3/13', 'คอมพิวเตอร์กราฟิก'),
(601110684, 'นางสาว', 'อรปรียา', 'สุขเสมอ', 'ปวช.3/2', 'การบัญชี'),
(601110685, 'นางสาว', 'ธาริณีย์', 'ประสิงห์', 'ปวช.3/5', 'การตลาด'),
(601110686, 'นางสาว', 'เกวลิน', 'แฟ้มคลองขอม', 'ปวช.3/15', 'การโรงแรม'),
(601110687, 'นาย', 'บงกช', 'สุปัญญาโชติสกุล', 'ปวช.3/6', 'การตลาด'),
(601110689, 'นาย', 'วรชาติ', 'สีมาวิจัย', 'ปวช.3/13', 'คอมพิวเตอร์กราฟิก'),
(601110690, 'นาย', 'พิชญา', 'กลั่นหอม', 'ปวช.3/7', 'คอมพิวเตอร์ธุรกิจ'),
(601110693, 'นาย', 'มนัสชัย', 'ดลราษี', 'ปวช.3/14', 'คอมพิวเตอร์กราฟิก'),
(601110694, 'นางสาว', 'วิมลสิริ', 'สังวาลนาค', 'ปวช.3/1', 'การบัญชี'),
(601110695, 'นาย', 'กิตติณัฏฐ์', 'วรรณกี้', 'ปวช.3/13', 'คอมพิวเตอร์กราฟิก'),
(601110696, 'นางสาว', 'ธนัสฐา', 'เกษมปุระ', 'ปวช.3/4', 'การบัญชี'),
(601110697, 'นางสาว', 'อรนุช', 'จันทร์สมุทร', 'ปวช.3/4', 'การบัญชี'),
(601110698, 'นางสาว', 'พัชรา', 'เกตุขุนทด', 'ปวช.3/4', 'การบัญชี'),
(601110699, 'นางสาว', 'มลีวรรณ์', 'ชัยยา', 'ปวช.3/4', 'การบัญชี'),
(601110700, 'นาย', 'ชยณัฐ', 'แก้วคำนวน', 'ปวช.3/5', 'การตลาด'),
(601110703, 'นางสาว', 'นิณัชดา', 'บุญหนุน', 'ปวช.3/16', 'การท่องเที่ยว'),
(601110704, 'นางสาว', 'เสาวลักษณ์', 'ศิริสวัสดิ์', 'ปวช.3/15', 'การโรงแรม'),
(601110705, 'นางสาว', 'ธัญญาเรศ', 'เอี่ยมท่าไม้', 'ปวช.3/2', 'การบัญชี'),
(601110706, 'นาย', 'ศักดิ์ทวี', 'ชุมเเวงวาปี', 'ปวช.3/6', 'การตลาด'),
(601110707, 'นาย', 'พีรพัฒน์', 'เเซ่อึ้ง', 'ปวช.3/5', 'การตลาด'),
(601110709, 'นางสาว', 'แพรวิไล', 'เกิดปั้น', 'ปวช.3/3', 'การบัญชี'),
(601110710, 'นาย', 'ธรรมนูญ', 'บังศรี', 'ปวช.3/8', 'คอมพิวเตอร์ธุรกิจ'),
(601110711, 'นางสาว', 'ชลทิชา', 'ดวงเทียน', 'ปวช.3/14', 'คอมพิวเตอร์กราฟิก'),
(601110712, 'นางสาว', 'กมลวรรณ', 'เรืองเที่ยง', 'ปวช.3/14', 'คอมพิวเตอร์กราฟิก'),
(601110713, 'นางสาว', 'ปัทมา', 'กุลกั้ง', 'ปวช.3/8', 'คอมพิวเตอร์ธุรกิจ'),
(601110714, 'นาย', 'วรชิต', 'โตเมทิน', 'ปวช.3/13', 'คอมพิวเตอร์กราฟิก'),
(601110715, 'นางสาว', 'พัชราภา', 'บุญเกื้อ', 'ปวช.3/15', 'การโรงแรม'),
(601110718, 'นาย', 'ศุภโชค', 'โคตรโสภา', 'ปวช.3/6', 'การตลาด'),
(601110720, 'นางสาว', 'สุพัตรา', 'สายโสภา', 'ปวช.3/3', 'การบัญชี'),
(601110723, 'นางสาว', 'ดวงกมล', 'เขียวงามดี', 'ปวช.3/8', 'คอมพิวเตอร์ธุรกิจ'),
(601110724, 'นาย', 'ธีรภัทร', 'มณีโชค', 'ปวช.3/3', 'การบัญชี'),
(601110725, 'นางสาว', 'วรรณนภา', 'มาชื่น', 'ปวช.3/5', 'การตลาด'),
(601110726, 'นางสาว', 'วนิชยา', 'แสงสวาสดิ์', 'ปวช.3/4', 'การบัญชี'),
(601110727, 'นาย', 'อณุพล', 'คำหวาน', 'ปวช.3/14', 'คอมพิวเตอร์กราฟิก'),
(601110728, 'นาย', 'กัณนิทัศน์', 'จิวธนนนท์', 'ปวช.3/14', 'คอมพิวเตอร์กราฟิก'),
(601110729, 'นางสาว', 'ณัฏฐฌิชา', 'คล้ายแสง', 'ปวช.3/13', 'คอมพิวเตอร์กราฟิก'),
(601110733, 'นาย', 'ธีรเทพ', 'เกตุกฤษ', 'ปวช.3/4', 'การบัญชี'),
(601110734, 'นาย', 'สรวิศ', 'นามโพธิ์', 'ปวช.3/4', 'การบัญชี'),
(601110738, 'นาย', 'พงศ์ธนัช', 'โรจนจิระพงศ์', 'ปวช.3/13', 'คอมพิวเตอร์กราฟิก'),
(601110740, 'นางสาว', 'จุฬาลักษณ์', 'ดวงชัย', 'ปวช.3/1', 'การบัญชี'),
(601110742, 'นาย', 'อภินันท์', 'สุขแจ่ม', 'ปวช.3/6', 'การตลาด'),
(601110743, 'นาย', 'ภาณุพงศ์', 'ขำพิมาย', 'ปวช.3/4', 'การบัญชี'),
(601110745, 'นางสาว', 'เบญจา', 'สุคนธานนท์', 'ปวช.3/16', 'การท่องเที่ยว'),
(601110748, 'นางสาว', 'น้อย', 'สุขเจริญ', 'ปวช.3/16', 'การท่องเที่ยว'),
(601110753, 'นาย', 'ณัฐพล', 'แดงมีทรัพย์', 'ปวช.3/8', 'คอมพิวเตอร์ธุรกิจ'),
(601110754, 'นาย', 'ณัฐวัฒน์', 'คมปรีชาจิตร', 'ปวช.3/13', 'คอมพิวเตอร์กราฟิก'),
(601110757, 'นางสาว', 'จุฑารัตน์', 'ขำชม', 'ปวช.3/8', 'คอมพิวเตอร์ธุรกิจ'),
(601110761, 'นาย', 'พันธกานต์', 'เกษรบัว', 'ปวช.3/8', 'คอมพิวเตอร์ธุรกิจ'),
(601110763, 'นาย', 'ศุภชัย', 'พิมพิลา', 'ปวช.3/8', 'คอมพิวเตอร์ธุรกิจ'),
(601110764, 'นาย', 'ศรัณย์', 'ชูเมือง', 'ปวช.3/14', 'คอมพิวเตอร์กราฟิก'),
(601110766, 'นางสาว', 'ณัฏฐณิชา', 'พิมพ์ศรี', 'ปวช.3/15', 'การโรงแรม'),
(601110767, 'นาย', 'ชินวัตร', 'บุตรพิลา', 'ปวช.3/5', 'การตลาด'),
(601110768, 'นางสาว', 'วริศราภรณ์', 'ศตจรัสโรจน์', 'ปวช.3/4', 'การบัญชี'),
(601110769, 'นางสาว', 'ธัญพร', 'ประวิงวงศ์', 'ปวช.3/4', 'การบัญชี'),
(601110771, 'นาย', 'สุวรรณ์ธร', 'ทุ่งกลาง', 'ปวช.3/4', 'การบัญชี'),
(601110772, 'นาย', 'อดิศักดิ์', 'หมุนวงษ์', 'ปวช.3/13', 'คอมพิวเตอร์กราฟิก'),
(601110774, 'นางสาว', 'ชุติภรณ์', 'บุสุวะ', 'ปวช.3/16', 'การท่องเที่ยว'),
(601110775, 'นางสาว', 'มาริษา', 'ภิญโย', 'ปวช.3/5', 'การตลาด'),
(601110776, 'นางสาว', 'พิชาวีร์', 'ภาสบุตร', 'ปวช.3/8', 'คอมพิวเตอร์ธุรกิจ'),
(601110777, 'นาย', 'เมธา', 'วงศ์ใหญ่', 'ปวช.3/14', 'คอมพิวเตอร์กราฟิก'),
(601110779, 'นาย', 'วัชรากร', 'นามโคตร', 'ปวช.3/6', 'การตลาด'),
(601110780, 'นางสาว', 'นาฏนรินทร์', 'กระสันต์', 'ปวช.3/4', 'การบัญชี'),
(601110782, 'นาย', 'ปริยเมศ', 'ทาบุญมา', 'ปวช.3/14', 'คอมพิวเตอร์กราฟิก'),
(601110790, 'นางสาว', 'ฑิตยา', 'ไล้ทอง', 'ปวช.3/6', 'การตลาด'),
(601110799, 'นางสาว', 'นลิณี', 'เพ็ชรเจริญ', 'ปวช.3/4', 'การบัญชี'),
(601110800, 'นาย', 'กันตพัฒน์', 'รวงทอง', 'ปวช.3/8', 'คอมพิวเตอร์ธุรกิจ'),
(601110801, 'นางสาว', 'อัยริน', 'รื่นพิทักษ์', 'ปวช.3/13', 'คอมพิวเตอร์กราฟิก'),
(601110802, 'นาย', 'ธราเทพ', 'แซ่ย่าง', 'ปวช.3/13', 'คอมพิวเตอร์กราฟิก'),
(601110807, 'นางสาว', 'ธิดารัตน์', 'ชันติโก', 'ปวช.3/16', 'การท่องเที่ยว'),
(601110811, 'นางสาว', 'กิตติมา', 'สุดตรี', 'ปวช.3/4', 'การบัญชี'),
(601110816, 'นาย', 'อิงครัต', 'มงคลสกุลกิจ', 'ปวช.3/14', 'คอมพิวเตอร์กราฟิก'),
(601110817, 'นาย', 'รัฐพล', 'มาลาอุตม์', 'ปวช.3/8', 'คอมพิวเตอร์ธุรกิจ'),
(601110823, 'นางสาว', 'นิ่ม', 'จำรวย', 'ปวช.3/1', 'การบัญชี'),
(601110825, 'นางสาว', 'อุมาพร', 'พิมายนอก', 'ปวช.3/15', 'การโรงแรม'),
(601110831, 'นางสาว', 'กนกวรรณ', 'กลิ่นพราหม', 'ปวช.3/15', 'การโรงแรม'),
(601110832, 'นาย', 'ธนวัฒน์', 'บุญชัย', 'ปวช.3/7', 'คอมพิวเตอร์ธุรกิจ'),
(601110835, 'นางสาว', 'ทิพย์วิมล', 'สมแก้ว', 'ปวช.3/14', 'คอมพิวเตอร์กราฟิก'),
(601110847, 'นาย', 'ปลาทอง', 'แซอาย', 'ปวช.3/7', 'คอมพิวเตอร์ธุรกิจ'),
(601110848, 'นาย', 'พีระพัฒน์', 'เกลี้ยงโคกสูง', 'ปวช.3/7', 'คอมพิวเตอร์ธุรกิจ'),
(601110853, 'นางสาว', 'ณิชาดา', 'ปกรณ์คุโณดม', 'ปวช.3/13', 'คอมพิวเตอร์กราฟิก'),
(601110861, 'นาย', 'นนท์', 'อยู่จุ้ย', 'ปวช.3/16', 'การท่องเที่ยว'),
(601110863, 'นาย', 'ภาณุวัฒน์', 'ใยปางแก้ว', 'ปวช.3/7', 'คอมพิวเตอร์ธุรกิจ'),
(601110866, 'นางสาว', 'อาริตา', 'มากเจริญ', 'ปวช.3/3', 'การบัญชี'),
(601110868, 'นาย', 'ศุภณัฐ', 'สระทองห่อ', 'ปวช.3/14', 'คอมพิวเตอร์กราฟิก'),
(601110876, 'นาย', 'เกริกฤทธิ์', 'หายทุกข์', 'ปวช.3/5', 'การตลาด'),
(601110886, 'นาย', 'วีระชัย', 'พิมพ์สมาน', 'ปวช.3/6', 'การตลาด'),
(611110010, 'นางสาว', 'วิชญาดา', 'แซ่ลิ่ม', 'ปวช.2/11', 'การท่องเที่ยว'),
(611110011, 'นางสาว', 'วิลาวรรณ', 'ดอกเด่น', 'ปวช.2/11', 'การท่องเที่ยว'),
(611110016, 'นางสาว', 'บูรณา', 'ต้นสาร', 'ปวช.2/18', 'การโรงแรม'),
(611110017, 'นางสาว', 'ชนากานต์', 'ยุติการ', 'ปวช.2/18', 'การโรงแรม'),
(611110018, 'นาย', 'ประทีป', 'ดิษยา', 'ปวช.2/14', 'คอมพิวเตอร์กราฟิก'),
(611110019, 'นางสาว', 'สุทธิดา', 'จำนงค์', 'ปวช.2/2', 'การบัญชี'),
(611110021, 'นาย', 'ธนวัฒน์', 'ศิริวงศ์', 'ปวช.2/3', 'การบัญชี'),
(611110022, 'นาย', 'อรรถชัย', 'ศิรินัย', 'ปวช.2/14', 'คอมพิวเตอร์กราฟิก'),
(611110023, 'นาย', 'ศุภกิตติ์', 'ปรางพิทักษ์', 'ปวช.2/1', 'การบัญชี'),
(611110024, 'นางสาว', 'ภัทรพรรณ', 'เกิดไพบูลย์', 'ปวช.2/2', 'การบัญชี'),
(611110025, 'นางสาว', 'นลินี', 'โฉมศรี', 'ปวช.2/1', 'การบัญชี'),
(611110026, 'นางสาว', 'วิชญาพร', 'รอดคลองตัน', 'ปวช.2/1', 'การบัญชี'),
(611110027, 'นางสาว', 'ธาราวรรณ', 'วงษ์ก่อ', 'ปวช.2/1', 'การบัญชี'),
(611110029, 'นาย', 'สรวิชญ์', 'ลีเจริญ', 'ปวช.2/7', 'คอมพิวเตอร์ธุรกิจ'),
(611110030, 'นางสาว', 'อมรรัตน์', 'บุญคำภา', 'ปวช.2/3', 'การบัญชี'),
(611110032, 'นางสาว', 'มุฑิตา', 'เต็มทวี', 'ปวช.2/11', 'การท่องเที่ยว'),
(611110034, 'นางสาว', 'อินธิรา', 'อินทะนาม', 'ปวช.2/3', 'การบัญชี'),
(611110036, 'นางสาว', 'อัญรัตน์', 'พงษ์สุพรรณศรี', 'ปวช.2/5', 'การตลาด'),
(611110037, 'นางสาว', 'ภัสสร', 'คงกำเนิด', 'ปวช.2/3', 'การบัญชี'),
(611110038, 'นางสาว', 'วัลวิสา', 'ด้วงบางซื่อ', 'ปวช.2/18', 'การโรงแรม'),
(611110039, 'นาย', 'ศรัณย์', 'จันทวงค์', 'ปวช.2/6', 'การตลาด'),
(611110042, 'นางสาว', 'ณัชชา', 'คล้ายสุวรรณ', 'ปวช.2/5', 'การตลาด'),
(611110043, 'นางสาว', 'วรรณษา', 'หลอดทอง', 'ปวช.2/5', 'การตลาด'),
(611110044, 'นาย', 'อครเทพ', 'อภิธนศักดิ์', 'ปวช.2/8', 'คอมพิวเตอร์ธุรกิจ'),
(611110048, 'นาย', 'วาคิม', 'ชนะพาห์', 'ปวช.2/6', 'การตลาด'),
(611110049, 'นาย', 'ทักษ์ดนัย', 'แสนคำ', 'ปวช.2/13', 'คอมพิวเตอร์กราฟิก'),
(611110050, 'นาย', 'ภัคนันท์', 'เกตุแก้ว', 'ปวช.2/8', 'คอมพิวเตอร์ธุรกิจ'),
(611110051, 'นาย', 'ธีร', 'ประสาททอง', 'ปวช.2/18', 'การโรงแรม'),
(611110052, 'นางสาว', 'วรรณวิสา', 'บุญสุข', 'ปวช.2/11', 'การท่องเที่ยว'),
(611110053, 'นาย', 'บริภัสย์', 'บุญเล่า', 'ปวช.2/2', 'การบัญชี'),
(611110054, 'นางสาว', 'อริสรา', 'แจ่มดวง', 'ปวช.2/2', 'การบัญชี'),
(611110059, 'นางสาว', 'สิรภัทร', 'เหลืองศิริวัฒนา', 'ปวช.2/1', 'การบัญชี'),
(611110060, 'นางสาว', 'พรนิภา', 'อุ่นสุด', 'ปวช.2/1', 'การบัญชี'),
(611110061, 'นางสาว', 'จิตราพร', 'พิพัฒน์วัฒนารมย์', 'ปวช.2/1', 'การบัญชี'),
(611110066, 'นางสาว', 'ปทิตตา', 'แสนละมะ', 'ปวช.2/2', 'การบัญชี'),
(611110067, 'นาย', 'สิปปภาส', 'สระทองแร่', 'ปวช.2/8', 'คอมพิวเตอร์ธุรกิจ'),
(611110069, 'นาย', 'เบญจพล', 'เอกพรพิศิษฐ์', 'ปวช.2/13', 'คอมพิวเตอร์กราฟิก'),
(611110071, 'นางสาว', 'วรรณภา', 'ศรีสุบาล', 'ปวช.2/13', 'คอมพิวเตอร์กราฟิก'),
(611110072, 'นาย', 'เมธัส', 'เสาสี', 'ปวช.2/2', 'การบัญชี'),
(611110073, 'นางสาว', 'ธัญญาภรณ์', 'หวังแววกลาง', 'ปวช.2/1', 'การบัญชี'),
(611110074, 'นาย', 'กิตติศักดิ์', 'คำศรี', 'ปวช.2/6', 'การตลาด'),
(611110075, 'นาย', 'บุญวรุตม์', 'ไกรเนตร', 'ปวช.2/6', 'การตลาด'),
(611110076, 'นาย', 'ปฎิมากรณ์', 'โยธานัก', 'ปวช.2/6', 'การตลาด'),
(611110077, 'นางสาว', 'พิชญาพร', 'เพ็ชรบูชา', 'ปวช.2/18', 'การโรงแรม'),
(611110082, 'นางสาว', 'วรรณภรณ์', 'ใจรื่น', 'ปวช.2/13', 'คอมพิวเตอร์กราฟิก'),
(611110084, 'นาย', 'อาชา', 'ปฐมวัชราภรณ์', 'ปวช.2/8', 'คอมพิวเตอร์ธุรกิจ'),
(611110085, 'นางสาว', 'นพมาศ', 'เกตุแก้ว', 'ปวช.2/2', 'การบัญชี'),
(611110086, 'นางสาว', 'วราภรณ์', 'ไชยจันลา', 'ปวช.2/17', 'การโรงแรม'),
(611110088, 'นางสาว', 'ปิยะมาศ', 'ฉลอมประโคน', 'ปวช.2/2', 'การบัญชี'),
(611110089, 'นาย', 'จิตรกร', 'เกิดชัยภูมิ', 'ปวช.2/1', 'การบัญชี'),
(611110091, 'นางสาว', 'ธนิษฐา', 'แสงสว่าง', 'ปวช.2/3', 'การบัญชี'),
(611110092, 'นางสาว', 'อริศรา', 'มาไสว', 'ปวช.2/11', 'การท่องเที่ยว'),
(611110099, 'นาย', 'กิตติพันธ์', 'สิริประภาพรรณ', 'ปวช.2/5', 'การตลาด'),
(611110100, 'นางสาว', 'สดุดี', 'ตราชู', 'ปวช.2/5', 'การตลาด'),
(611110101, 'นาย', 'อภิเดช', 'เสือเหลือง', 'ปวช.2/14', 'คอมพิวเตอร์กราฟิก'),
(611110104, 'นางสาว', 'ปรินดา', 'แก่นคำ', 'ปวช.2/17', 'การโรงแรม'),
(611110105, 'นางสาว', 'อริยา', 'ศรีนิลทา', 'ปวช.2/7', 'คอมพิวเตอร์ธุรกิจ'),
(611110106, 'นางสาว', 'สุดารัตน์', 'วิถี', 'ปวช.2/1', 'การบัญชี'),
(611110107, 'นางสาว', 'ศศิประภา', 'สุภาเรียง', 'ปวช.2/14', 'คอมพิวเตอร์กราฟิก'),
(611110111, 'นางสาว', 'วาสนา', 'วิกละมุก', 'ปวช.2/14', 'คอมพิวเตอร์กราฟิก'),
(611110112, 'นางสาว', 'นิรชา', 'สุดไชย์', 'ปวช.2/6', 'การตลาด'),
(611110113, 'นางสาว', 'ชนิตา', 'อัมภรัตน์', 'ปวช.2/3', 'การบัญชี'),
(611110114, 'นาย', 'วัชรินทร์', 'พรมคาด', 'ปวช.2/5', 'การตลาด'),
(611110115, 'นาย', 'วรนันท์', 'โลหะทองสิริผล', 'ปวช.2/1', 'การบัญชี'),
(611110117, 'นางสาว', 'เนตรชนก', 'ทันมี', 'ปวช.2/5', 'การตลาด'),
(611110118, 'นางสาว', 'ปวีณา', 'พึ่งบาง', 'ปวช.2/1', 'การบัญชี'),
(611110120, 'นางสาว', 'ดวงมะณี', 'ภูเเข', 'ปวช.2/2', 'การบัญชี'),
(611110121, 'นางสาว', 'ศุภธิดา', 'เขม้นกสิกิจ', 'ปวช.2/8', 'คอมพิวเตอร์ธุรกิจ'),
(611110122, 'นางสาว', 'สุชานันท์', 'เอกสินทอง', 'ปวช.2/18', 'การโรงแรม'),
(611110126, 'นาย', 'พิริยกร', 'คำบาง', 'ปวช.2/14', 'คอมพิวเตอร์กราฟิก'),
(611110127, 'นาย', 'ไกรวุฒิ', 'ชัยวัน', 'ปวช.2/5', 'การตลาด'),
(611110128, 'นาย', 'ศิลา', 'ประกอบทรัพย์', 'ปวช.2/3', 'การบัญชี'),
(611110130, 'นางสาว', 'กัลยาณี', 'กำจร', 'ปวช.2/3', 'การบัญชี'),
(611110131, 'นางสาว', 'สุทัตตา', 'ภูมิไธสง', 'ปวช.2/1', 'การบัญชี'),
(611110133, 'นางสาว', 'อภิสรา', 'ธีระสิงห์', 'ปวช.2/1', 'การบัญชี'),
(611110134, 'นางสาว', 'ภัคจิรา', 'มาปากลัด', 'ปวช.2/7', 'คอมพิวเตอร์ธุรกิจ'),
(611110135, 'นางสาว', 'ศศิวิมล', 'ศรีสุวรรณ', 'ปวช.2/6', 'การตลาด'),
(611110137, 'นาย', 'อรรถพล', 'วาจาชอบ', 'ปวช.2/13', 'คอมพิวเตอร์กราฟิก'),
(611110138, 'นาย', 'เกียรติรัตน์', 'โพธิ์เเย้ม', 'ปวช.2/7', 'คอมพิวเตอร์ธุรกิจ'),
(611110139, 'นางสาว', 'สุทธิดา', 'ฉิมพละ', 'ปวช.2/14', 'คอมพิวเตอร์กราฟิก'),
(611110140, 'นางสาว', 'ณิชกานต์', 'บัวเนียม', 'ปวช.2/1', 'การบัญชี'),
(611110141, 'นางสาว', 'อริสรา', 'พลายบุญ', 'ปวช.2/2', 'การบัญชี'),
(611110142, 'นางสาว', 'อารีรัตน์', 'แสงสว่าง', 'ปวช.2/8', 'คอมพิวเตอร์ธุรกิจ'),
(611110143, 'นางสาว', 'เมธาพร', 'สูงสระ', 'ปวช.2/14', 'คอมพิวเตอร์กราฟิก'),
(611110144, 'นางสาว', 'กมลวรรณ', 'สุวรรณสิทธิ์', 'ปวช.2/14', 'คอมพิวเตอร์กราฟิก'),
(611110145, 'นางสาว', 'นีรชา', 'ขอมใจเพ็ชร', 'ปวช.2/1', 'การบัญชี'),
(611110146, 'นางสาว', 'ปรารถนา', 'ฉิมมณี', 'ปวช.2/1', 'การบัญชี'),
(611110147, 'นางสาว', 'นลินี', 'แดงจีน', 'ปวช.2/1', 'การบัญชี'),
(611110148, 'นาย', 'ณัชพล', 'เอมสมบุญ', 'ปวช.2/5', 'การตลาด'),
(611110150, 'นาย', 'ณัฐวุฒิ', 'นักรบ', 'ปวช.2/8', 'คอมพิวเตอร์ธุรกิจ'),
(611110151, 'นาย', 'ณัชพล', 'ยังมี', 'ปวช.2/5', 'การตลาด'),
(611110152, 'นางสาว', 'เสาวลักษณ์', 'ไชยนคร', 'ปวช.2/5', 'การตลาด'),
(611110153, 'นางสาว', 'ประวิชญา', 'ปั่นแก้ว', 'ปวช.2/2', 'การบัญชี'),
(611110154, 'นางสาว', 'ชุติภา', 'จันทร์ศรี', 'ปวช.2/5', 'การตลาด'),
(611110156, 'นางสาว', 'นริศรา', 'สังขไพรวรรณ', 'ปวช.2/6', 'การตลาด'),
(611110157, 'นางสาว', 'ธัญญารัตน์', 'รั่งกระโทก', 'ปวช.2/11', 'การท่องเที่ยว'),
(611110158, 'นางสาว', 'นิชาภัทร', 'กัณหา', 'ปวช.2/1', 'การบัญชี'),
(611110159, 'นาย', 'สุทธิภัทร', 'ภูแถวเว่อ', 'ปวช.2/6', 'การตลาด'),
(611110160, 'นาย', 'กัมปนาท', 'ฉลาดเลิศ', 'ปวช.2/14', 'คอมพิวเตอร์กราฟิก'),
(611110161, 'นาย', 'นัฐวุฒิ', 'เทียนศรี', 'ปวช.2/14', 'คอมพิวเตอร์กราฟิก'),
(611110162, 'นาย', 'ณัฐพงษ์', 'หนูเจริญ', 'ปวช.2/6', 'การตลาด'),
(611110163, 'นาย', 'ภัทร', 'ทองอินทร์', 'ปวช.2/17', 'การโรงแรม'),
(611110164, 'นาย', 'ธีรพงศ์', 'พูลผล', 'ปวช.2/6', 'การตลาด'),
(611110166, 'นาย', 'ธนวัฒน์', 'ศรีฤกษ์', 'ปวช.2/14', 'คอมพิวเตอร์กราฟิก'),
(611110167, 'นางสาว', 'พิมลรัตน์', 'เปียบุญ', 'ปวช.2/3', 'การบัญชี'),
(611110174, 'นาย', 'วรพงศ์', 'ศรีวิลัย', 'ปวช.2/14', 'คอมพิวเตอร์กราฟิก'),
(611110175, 'นาย', 'เเก้วกล้า', 'ดังใหม่', 'ปวช.2/14', 'คอมพิวเตอร์กราฟิก'),
(611110176, 'นาย', 'สาย', 'นามหงษ์', 'ปวช.2/1', 'การบัญชี'),
(611110177, 'นาย', 'กรวิทย์', 'หอมแสนศรี', 'ปวช.2/7', 'คอมพิวเตอร์ธุรกิจ'),
(611110178, 'นางสาว', 'ประวีณา', 'นามเสาร์', 'ปวช.2/5', 'การตลาด'),
(611110179, 'นางสาว', 'ศิริลักษณ์', 'ตุละยากรณ์', 'ปวช.2/17', 'การโรงแรม'),
(611110180, 'นางสาว', 'กัญญารัตน์', 'มนต์ชัยกุล', 'ปวช.2/1', 'การบัญชี'),
(611110181, 'นางสาว', 'ตติยา', 'ต้นสำโรง', 'ปวช.2/3', 'การบัญชี'),
(611110182, 'นางสาว', 'นริศรา', 'มาลาพันธ์', 'ปวช.2/2', 'การบัญชี'),
(611110183, 'นางสาว', 'เพ็ญศิริ', 'ครองยุติ', 'ปวช.2/17', 'การโรงแรม'),
(611110184, 'นางสาว', 'พรภิรมย์', 'จารัตน์', 'ปวช.2/3', 'การบัญชี'),
(611110186, 'นางสาว', 'ณัฐธยาน์', 'ประสพ', 'ปวช.2/18', 'การโรงแรม'),
(611110187, 'นางสาว', 'ศศิธร', 'เรืองวงษ์ดี', 'ปวช.2/7', 'คอมพิวเตอร์ธุรกิจ'),
(611110188, 'นาย', 'นาธาน', 'ดวงเนตร', 'ปวช.2/8', 'คอมพิวเตอร์ธุรกิจ'),
(611110189, 'นางสาว', 'แพรวา', 'เกตุวัน', 'ปวช.2/17', 'การโรงแรม'),
(611110190, 'นางสาว', 'จุฑาทิพย์', 'เเซ่ลิ้ม', 'ปวช.2/17', 'การโรงแรม'),
(611110191, 'นาย', 'จิรทีปต์', 'ป๊อกแสวง', 'ปวช.2/18', 'การโรงแรม'),
(611110192, 'นางสาว', 'ธนาภรณ์', 'ศรีคราม', 'ปวช.2/1', 'การบัญชี'),
(611110194, 'นางสาว', 'สุกัญญา', 'แสงสิมมา', 'ปวช.2/5', 'การตลาด'),
(611110195, 'นางสาว', 'อภิญญา', 'ปู่แก้ว', 'ปวช.2/5', 'การตลาด'),
(611110197, 'นางสาว', 'วรรณนิสา', 'คุ้มทรัพย์', 'ปวช.2/7', 'คอมพิวเตอร์ธุรกิจ'),
(611110198, 'นางสาว', 'ชลลดา', 'สันฐิติสวัสดิ์', 'ปวช.2/5', 'การตลาด'),
(611110200, 'นางสาว', 'คำแสง', 'ตาแปง', 'ปวช.2/5', 'การตลาด'),
(611110204, 'นางสาว', 'วิภา', 'สุนทราวงค์', 'ปวช.2/1', 'การบัญชี'),
(611110205, 'นางสาว', 'ชญานิศ', 'เทียนซ้อน', 'ปวช.2/5', 'การตลาด'),
(611110208, 'นางสาว', 'ชนิดาภา', 'เจริญสุข', 'ปวช.2/18', 'การโรงแรม'),
(611110209, 'นางสาว', 'กรสุณี', 'เทศรุ่งเรือง', 'ปวช.2/1', 'การบัญชี'),
(611110210, 'นางสาว', 'สุม', 'พัดสังข์', 'ปวช.2/1', 'การบัญชี'),
(611110215, 'นาย', 'สมเดช', 'แก้วคำ', 'ปวช.2/8', 'คอมพิวเตอร์ธุรกิจ'),
(611110217, 'นางสาว', 'โชติกา', 'ประสานตรี', 'ปวช.2/2', 'การบัญชี'),
(611110218, 'นางสาว', 'กรณัท', 'กุลธรพลาธิป', 'ปวช.2/6', 'การตลาด'),
(611110219, 'นางสาว', 'ภรรษชล', 'กันจนาธิมาศ', 'ปวช.2/2', 'การบัญชี'),
(611110220, 'นางสาว', 'ผกายวรรณ', 'การช่าง', 'ปวช.2/5', 'การตลาด'),
(611110221, 'นาย', 'ภัทรดนัย', 'แต่งสมุทร', 'ปวช.2/8', 'คอมพิวเตอร์ธุรกิจ'),
(611110225, 'นางสาว', 'กัญญ์นัทธ์', 'ห้วยหงษ์ทอง', 'ปวช.2/17', 'การโรงแรม'),
(611110229, 'นางสาว', 'สิริยาภรณ์', 'สิงห์สมบุญ', 'ปวช.2/3', 'การบัญชี'),
(611110230, 'นางสาว', 'จอมขวัญ', 'เหล็งสุดใจ', 'ปวช.2/3', 'การบัญชี'),
(611110231, 'นางสาว', 'ณัฐฐาพร', 'เเซ่ตั้ง', 'ปวช.2/11', 'การท่องเที่ยว'),
(611110236, 'นาย', 'พงษ์พัน', 'อ่อนมา', 'ปวช.2/13', 'คอมพิวเตอร์กราฟิก'),
(611110237, 'นางสาว', 'กมลเพชร', 'เพิงแก้ว', 'ปวช.2/3', 'การบัญชี'),
(611110238, 'นางสาว', 'วรรณภา', 'บุญส่ง', 'ปวช.2/6', 'การตลาด'),
(611110239, 'นางสาว', 'ปัทมาพร', 'ขาวโต', 'ปวช.2/1', 'การบัญชี'),
(611110240, 'นาย', 'พีรพงษ์', 'มณีภาสวรเดช', 'ปวช.2/14', 'คอมพิวเตอร์กราฟิก'),
(611110241, 'นาย', 'สุทธิกานต์', 'คงคาสวัสดิ์', 'ปวช.2/14', 'คอมพิวเตอร์กราฟิก'),
(611110242, 'นางสาว', 'กนกวรรณ', 'แซ่วิน', 'ปวช.2/1', 'การบัญชี'),
(611110245, 'นางสาว', 'กมลวรรณ', 'เทียบธรรม', 'ปวช.2/18', 'การโรงแรม'),
(611110246, 'นางสาว', 'ปัณฑิตา', 'เปรินทร์', 'ปวช.2/18', 'การโรงแรม'),
(611110247, 'นาย', 'ชานนท์', 'แก้วขุนทอง', 'ปวช.2/7', 'คอมพิวเตอร์ธุรกิจ'),
(611110248, 'นางสาว', 'วริษา', 'วิมลภักดิ์', 'ปวช.2/11', 'การท่องเที่ยว'),
(611110249, 'นางสาว', 'นันทพร', 'พรมสนธิ์', 'ปวช.2/8', 'คอมพิวเตอร์ธุรกิจ'),
(611110250, 'นาย', 'สิริพงศ์', 'วิบูลไพศาล', 'ปวช.2/5', 'การตลาด'),
(611110251, 'นางสาว', 'อันธิกา', 'ตาละกา', 'ปวช.2/18', 'การโรงแรม'),
(611110252, 'นาย', 'วรากร', 'ปู่พะบุญ', 'ปวช.2/13', 'คอมพิวเตอร์กราฟิก'),
(611110253, 'นาย', 'คทากรณ์', 'เทพวงษา', 'ปวช.2/2', 'การบัญชี'),
(611110254, 'นางสาว', 'หทัยภัทร', 'แก้วเทศ', 'ปวช.2/18', 'การโรงแรม'),
(611110255, 'นางสาว', 'ชิชา', 'จันมี', 'ปวช.2/14', 'คอมพิวเตอร์กราฟิก'),
(611110256, 'นางสาว', 'รัญชนา', 'โสดา', 'ปวช.2/3', 'การบัญชี'),
(611110257, 'นาย', 'วิริยะ', 'ศรีถวิล', 'ปวช.2/5', 'การตลาด'),
(611110258, 'นางสาว', 'ณิชา', 'จาสือ', 'ปวช.2/7', 'คอมพิวเตอร์ธุรกิจ'),
(611110259, 'นาย', 'นัธพล', 'เลขนอก', 'ปวช.2/7', 'คอมพิวเตอร์ธุรกิจ'),
(611110260, 'นางสาว', 'ณัฐธิดา', 'อาปโกเศศ', 'ปวช.2/1', 'การบัญชี'),
(611110261, 'นาย', 'ณัฐพงค์', 'แก้วพลอย', 'ปวช.2/13', 'คอมพิวเตอร์กราฟิก'),
(611110263, 'นางสาว', 'สุธิมา', 'วิราจันทร์', 'ปวช.2/11', 'การท่องเที่ยว'),
(611110265, 'นางสาว', 'ญาดา', 'เกตุสมบูรณ์', 'ปวช.2/2', 'การบัญชี'),
(611110266, 'นาย', 'ภาณุวัฒน์', 'แซ่จิว', 'ปวช.2/13', 'คอมพิวเตอร์กราฟิก'),
(611110267, 'นาย', 'ธนภัทร', 'แสงคำพันธ์', 'ปวช.2/7', 'คอมพิวเตอร์ธุรกิจ'),
(611110268, 'นาย', 'ฐาปกรณ์', 'พรหมไชยะ', 'ปวช.2/13', 'คอมพิวเตอร์กราฟิก'),
(611110269, 'นางสาว', 'วริยา', 'มานะกอบทรัพย์', 'ปวช.2/3', 'การบัญชี'),
(611110270, 'นาย', 'โชคอนันต์', 'กุ่มเพ็ชร', 'ปวช.2/7', 'คอมพิวเตอร์ธุรกิจ'),
(611110272, 'นาย', 'กีรติ', 'หอมแดง', 'ปวช.2/18', 'การโรงแรม'),
(611110273, 'นางสาว', 'นริสา', 'ผลจันทร์', 'ปวช.2/1', 'การบัญชี'),
(611110274, 'นางสาว', 'นพรัตน์', 'แสงสุวรรณ', 'ปวช.2/11', 'การท่องเที่ยว'),
(611110276, 'นาย', 'ศริตวรรธน์', 'พลเยี่ยม', 'ปวช.2/11', 'การท่องเที่ยว'),
(611110277, 'นาย', 'อภิสิทธิ์', 'ทับพร', 'ปวช.2/7', 'คอมพิวเตอร์ธุรกิจ'),
(611110278, 'นาย', 'ธนภัทร', 'เฉลิมพงษ์', 'ปวช.2/6', 'การตลาด'),
(611110279, 'นาย', 'ธีรภัทร', 'เฉลิมพงษ์', 'ปวช.2/6', 'การตลาด'),
(611110280, 'นางสาว', 'นฤทธิ์สรา', 'ศรีบุญเรือง', 'ปวช.2/1', 'การบัญชี'),
(611110283, 'นางสาว', 'ธาราทิพย์', 'ลิ่มอักษรกุล', 'ปวช.2/13', 'คอมพิวเตอร์กราฟิก'),
(611110284, 'นางสาว', 'ชลธิชา', 'สุทธิสน', 'ปวช.2/3', 'การบัญชี'),
(611110285, 'นางสาว', 'ปรียาภรณ์', 'หล้าสมบูรณ์', 'ปวช.2/7', 'คอมพิวเตอร์ธุรกิจ'),
(611110286, 'นางสาว', 'มณทิรา', 'สิงห์การ', 'ปวช.2/11', 'การท่องเที่ยว');
INSERT INTO `student` (`std_id`, `std_tname`, `std_fname`, `std_lname`, `std_class`, `std_depart`) VALUES
(611110287, 'นาย', 'อนุวัฒน์', 'สุวรรณไกร', 'ปวช.2/2', 'การบัญชี'),
(611110288, 'นางสาว', 'สิริวิมล', 'แต้ชัยรักษ์', 'ปวช.2/1', 'การบัญชี'),
(611110289, 'นางสาว', 'สุดารัตน์', 'แซ่โซว', 'ปวช.2/11', 'การท่องเที่ยว'),
(611110290, 'นางสาว', 'ทิพย์นภา', 'ธนะหิรัญญา', 'ปวช.2/8', 'คอมพิวเตอร์ธุรกิจ'),
(611110291, 'นางสาว', 'อโนมา', 'รอดอยู่', 'ปวช.2/14', 'คอมพิวเตอร์กราฟิก'),
(611110293, 'นาย', 'ภัทรกร', 'ยอดระบำ', 'ปวช.2/14', 'คอมพิวเตอร์กราฟิก'),
(611110295, 'นางสาว', 'วันเงิน', 'ศรีบัวอ่ำ', 'ปวช.2/1', 'การบัญชี'),
(611110296, 'นาย', 'ธนาดร', 'ลิมจงจิตร์', 'ปวช.2/18', 'การโรงแรม'),
(611110298, 'นาย', 'สยาม', 'เจ๊กจันทึก', 'ปวช.2/6', 'การตลาด'),
(611110299, 'นางสาว', 'นันทาภรณ์', 'พุทธรักษ์', 'ปวช.2/11', 'การท่องเที่ยว'),
(611110301, 'นางสาว', 'อริศรา', 'เสริมสุข', 'ปวช.2/3', 'การบัญชี'),
(611110302, 'นางสาว', 'กวิตา', 'ประเสริฐรัตน์', 'ปวช.2/2', 'การบัญชี'),
(611110304, 'นาย', 'วรเมศร์', 'เมธี', 'ปวช.2/2', 'การบัญชี'),
(611110306, 'นางสาว', 'สุจิตรา', 'พุ่มอ่ำ', 'ปวช.2/3', 'การบัญชี'),
(611110307, 'นางสาว', 'อังคาร', 'สุข', 'ปวช.2/5', 'การตลาด'),
(611110308, 'นาย', 'สุประดิษฐ์', 'ค่าโค', 'ปวช.2/18', 'การโรงแรม'),
(611110309, 'นางสาว', 'มัสฌิมา', 'สายแสง', 'ปวช.2/2', 'การบัญชี'),
(611110310, 'นางสาว', 'สุดารัตน์', 'แก้วจุนันท์', 'ปวช.2/3', 'การบัญชี'),
(611110311, 'นางสาว', 'ณัฐสุดา', 'ศรีลาไลย์', 'ปวช.2/6', 'การตลาด'),
(611110313, 'นางสาว', 'พิชชาภา', 'บุตรฉ่ำ', 'ปวช.2/3', 'การบัญชี'),
(611110314, 'นาย', 'ปรัตถกร', 'จันทิปะ', 'ปวช.2/13', 'คอมพิวเตอร์กราฟิก'),
(611110315, 'นางสาว', 'ศศิชา', 'ทองสิงห์', 'ปวช.2/8', 'คอมพิวเตอร์ธุรกิจ'),
(611110317, 'นาย', 'อักขระพนธ์', 'ภูผาผิว', 'ปวช.2/5', 'การตลาด'),
(611110318, 'นางสาว', 'ภวิษย์พร', 'สวัสดิ์พึ่ง', 'ปวช.2/18', 'การโรงแรม'),
(611110319, 'นางสาว', 'พิมพ์ชนก', 'พงษ์พินิจ', 'ปวช.2/18', 'การโรงแรม'),
(611110320, 'นาย', 'ธนวิน', 'เปรมปราณี', 'ปวช.2/14', 'คอมพิวเตอร์กราฟิก'),
(611110322, 'นาย', 'ภูบดินทร์', 'ครุเสนีย์', 'ปวช.2/14', 'คอมพิวเตอร์กราฟิก'),
(611110323, 'นางสาว', 'ศุณิชา', 'คำสี', 'ปวช.2/6', 'การตลาด'),
(611110326, 'นาย', 'วันชนะ', 'มีแก้วเจริญ', 'ปวช.2/1', 'การบัญชี'),
(611110329, 'นางสาว', 'ศิริณญา', 'อยู่ศุข', 'ปวช.2/3', 'การบัญชี'),
(611110332, 'นาย', 'พัสกร', 'พงศ์รักษา', 'ปวช.2/8', 'คอมพิวเตอร์ธุรกิจ'),
(611110334, 'นางสาว', 'ณัฐชาวีร์', 'หงษาวดี', 'ปวช.2/14', 'คอมพิวเตอร์กราฟิก'),
(611110335, 'นางสาว', 'ลักษิกา', 'อ่อนจันทร์', 'ปวช.2/1', 'การบัญชี'),
(611110336, 'นาย', 'กิตติธัช', 'ตัวประโคน', 'ปวช.2/8', 'คอมพิวเตอร์ธุรกิจ'),
(611110337, 'นาย', 'สุภลักษ์', 'สีสารคาม', 'ปวช.2/5', 'การตลาด'),
(611110338, 'นาย', 'ณัฐพงษ์', 'พร้อมใจ', 'ปวช.2/13', 'คอมพิวเตอร์กราฟิก'),
(611110339, 'นางสาว', 'ศิริรัตน์', 'เครือคำ', 'ปวช.2/11', 'การท่องเที่ยว'),
(611110340, 'นาย', 'ภูริณัฐ', 'สาวิไสย', 'ปวช.2/11', 'การท่องเที่ยว'),
(611110341, 'นาย', 'จิรายุส', 'บุญคา', 'ปวช.2/17', 'การโรงแรม'),
(611110342, 'นาย', 'ณัฐวุฒิ', 'เป็งตัน', 'ปวช.2/17', 'การโรงแรม'),
(611110343, 'นางสาว', 'อุมาพร', 'สาหล้า', 'ปวช.2/2', 'การบัญชี'),
(611110344, 'นางสาว', 'ยลรดา', 'ถ้วยทอง', 'ปวช.2/17', 'การโรงแรม'),
(611110345, 'นางสาว', 'ยลธิดา', 'ถ้วยทอง', 'ปวช.2/17', 'การโรงแรม'),
(611110347, 'นางสาว', 'อมล', 'อัมพร', 'ปวช.2/17', 'การโรงแรม'),
(611110349, 'นางสาว', 'ภิญญดา', 'จันทร์เจริญ', 'ปวช.2/5', 'การตลาด'),
(611110350, 'นางสาว', 'พิมพ์ตะวัน', 'เจียงชัย', 'ปวช.2/3', 'การบัญชี'),
(611110351, 'นางสาว', 'แสงจันทร์', 'อ่อนพิลา', 'ปวช.2/14', 'คอมพิวเตอร์กราฟิก'),
(611110353, 'นาย', 'ทักษิณ', 'ยอดอาชา', 'ปวช.2/8', 'คอมพิวเตอร์ธุรกิจ'),
(611110354, 'นางสาว', 'ศริญญา', 'โตสันเทียะ', 'ปวช.2/17', 'การโรงแรม'),
(611110356, 'นางสาว', 'สุจิรา', 'ทองสุวรรณ', 'ปวช.2/13', 'คอมพิวเตอร์กราฟิก'),
(611110357, 'นางสาว', 'วิกันดา', 'ยะโพ', 'ปวช.2/1', 'การบัญชี'),
(611110358, 'นาย', 'เกียรติกุล', 'พิพัฒน์วัฒนารมย์', 'ปวช.2/6', 'การตลาด'),
(611110359, 'นางสาว', 'วิภาดา', 'คำศิลา', 'ปวช.2/2', 'การบัญชี'),
(611110360, 'นางสาว', 'บุศราคัม', 'ทองเปี่ยม', 'ปวช.2/18', 'การโรงแรม'),
(611110361, 'นาย', 'ปริพนธ์', 'สุขสาคร', 'ปวช.2/14', 'คอมพิวเตอร์กราฟิก'),
(611110362, 'นาย', 'ติณณภพ', 'เปรมชาวนา', 'ปวช.2/14', 'คอมพิวเตอร์กราฟิก'),
(611110363, 'นาย', 'ชินวัตร', 'แสงเดือน', 'ปวช.2/13', 'คอมพิวเตอร์กราฟิก'),
(611110366, 'นาย', 'ฐนิต', 'โชคหล้า', 'ปวช.2/14', 'คอมพิวเตอร์กราฟิก'),
(611110367, 'นาย', 'มัวริซ', 'ดันน์บัคเคอร์', 'ปวช.2/7', 'คอมพิวเตอร์ธุรกิจ'),
(611110368, 'นาย', 'อดุลยฤทธิ์', 'ไชยพันธ์', 'ปวช.2/14', 'คอมพิวเตอร์กราฟิก'),
(611110369, 'นาย', 'พิษณุ', 'ภัทรภักดีธรรม', 'ปวช.2/7', 'คอมพิวเตอร์ธุรกิจ'),
(611110370, 'นาย', 'มลฑกัณย์', 'บุตรแสน', 'ปวช.2/13', 'คอมพิวเตอร์กราฟิก'),
(611110373, 'นางสาว', 'นันธิชา', 'ใบเตย', 'ปวช.2/11', 'การท่องเที่ยว'),
(611110376, 'นาย', 'ศุภกร', 'กันทะพะเยาว์', 'ปวช.2/7', 'คอมพิวเตอร์ธุรกิจ'),
(611110377, 'นางสาว', 'จิรภิญญา', 'อุุปมาอ่ำ', 'ปวช.2/11', 'การท่องเที่ยว'),
(611110378, 'นาย', 'นพดล', 'ติ่งคลองตัน', 'ปวช.2/6', 'การตลาด'),
(611110380, 'นาย', 'วิโรจน์', 'โสดา', 'ปวช.2/8', 'คอมพิวเตอร์ธุรกิจ'),
(611110381, 'นาย', 'สุรจิตร', 'ไวสูู้ศึก', 'ปวช.2/7', 'คอมพิวเตอร์ธุรกิจ'),
(611110382, 'นาย', 'ธีรภัทร์', 'ขจรเลิศมงคล', 'ปวช.2/14', 'คอมพิวเตอร์กราฟิก'),
(611110384, 'นางสาว', 'อัยดา', 'นันทะใส', 'ปวช.2/7', 'คอมพิวเตอร์ธุรกิจ'),
(611110385, 'นาย', 'แก้วแสง', 'แสงนาม', 'ปวช.2/7', 'คอมพิวเตอร์ธุรกิจ'),
(611110386, 'นาย', 'กรรชัย', 'หทัยสงวน', 'ปวช.2/13', 'คอมพิวเตอร์กราฟิก'),
(611110388, 'นางสาว', 'จิราพัชร', 'รุ่งแจ่มแจ้ง', 'ปวช.2/1', 'การบัญชี'),
(611110390, 'นางสาว', 'วิลาวัณย์', 'ชะนะ', 'ปวช.2/2', 'การบัญชี'),
(611110391, 'นางสาว', 'สุภารัตน์', 'ไวทำ', 'ปวช.2/7', 'คอมพิวเตอร์ธุรกิจ'),
(611110392, 'นางสาว', 'ธนพร', 'ตอเฟ๊ก', 'ปวช.2/6', 'การตลาด'),
(611110394, 'นางสาว', 'สุภาภรณ์', 'ศิริชนะ', 'ปวช.2/7', 'คอมพิวเตอร์ธุรกิจ'),
(611110395, 'นางสาว', 'วิภาสินี', 'เทียบเกาะ', 'ปวช.2/11', 'การท่องเที่ยว'),
(611110396, 'นางสาว', 'ธัชฐภร', 'จิตเกาะ', 'ปวช.2/17', 'การโรงแรม'),
(611110397, 'นางสาว', 'ธนัชพร', 'สังข์วิฑูณ', 'ปวช.2/1', 'การบัญชี'),
(611110398, 'นางสาว', 'พัชราพรรณ', 'รกไพร', 'ปวช.2/3', 'การบัญชี'),
(611110399, 'นางสาว', 'ธนภรณ์', 'จันทะโรทัย', 'ปวช.2/8', 'คอมพิวเตอร์ธุรกิจ'),
(611110400, 'นางสาว', 'สิริกานดา', 'วิเชียรฉาย', 'ปวช.2/5', 'การตลาด'),
(611110401, 'นางสาว', 'นงนภัส', 'ราชบุญศรี', 'ปวช.2/5', 'การตลาด'),
(611110402, 'นางสาว', 'พิรดา', 'โชติสุวรรณกุล', 'ปวช.2/3', 'การบัญชี'),
(611110403, 'นาย', 'ภพพระ', 'มิ่งขวัญ', 'ปวช.2/17', 'การโรงแรม'),
(611110404, 'นาย', 'ณัชชานน', 'แซ่จัง', 'ปวช.2/13', 'คอมพิวเตอร์กราฟิก'),
(611110408, 'นางสาว', 'ลลิตา', 'ปานพรม', 'ปวช.2/2', 'การบัญชี'),
(611110410, 'นาย', 'สิทธิชัย', 'เบ็ญจาทิกุล', 'ปวช.2/7', 'คอมพิวเตอร์ธุรกิจ'),
(611110411, 'นางสาว', 'พิชญาภา', 'ทัศนสุวรรณ', 'ปวช.2/3', 'การบัญชี'),
(611110412, 'นาย', 'ธนานนท์', 'ทรงยินดี', 'ปวช.2/14', 'คอมพิวเตอร์กราฟิก'),
(611110413, 'นางสาว', 'สุวิชาดา', 'แสงหล้า', 'ปวช.2/2', 'การบัญชี'),
(611110414, 'นางสาว', 'ณัฐพร', 'คุณภาพร', 'ปวช.2/6', 'การตลาด'),
(611110417, 'นางสาว', 'กันต์กนิษฐ์', 'สุริยาภาส', 'ปวช.2/7', 'คอมพิวเตอร์ธุรกิจ'),
(611110418, 'นาย', 'บุญญฤทธิ์', 'แซ่หลิ่ม', 'ปวช.2/14', 'คอมพิวเตอร์กราฟิก'),
(611110419, 'นางสาว', 'พิชญา', 'ตาใส', 'ปวช.2/5', 'การตลาด'),
(611110421, 'นางสาว', 'อาภัสรา', 'หมุดสีด้วง', 'ปวช.2/17', 'การโรงแรม'),
(611110422, 'นาย', 'สรณ์ศิริ', 'กระเจา', 'ปวช.2/7', 'คอมพิวเตอร์ธุรกิจ'),
(611110423, 'นางสาว', 'กรรณิกา', 'มีฉิม', 'ปวช.2/11', 'การท่องเที่ยว'),
(611110424, 'นาย', 'เกรียงศักดิ์', 'สืบพันธุ์', 'ปวช.2/6', 'การตลาด'),
(611110425, 'นางสาว', 'ธัญรดา', 'ดวงมาลย์', 'ปวช.2/1', 'การบัญชี'),
(611110428, 'นางสาว', 'อรัญญา', 'เครือแสง', 'ปวช.2/8', 'คอมพิวเตอร์ธุรกิจ'),
(611110429, 'นางสาว', 'กัลยารัตน์', 'น้อยเจริญ', 'ปวช.2/1', 'การบัญชี'),
(611110430, 'นางสาว', 'สุธาวินี', 'ปานเชียงวงษ์', 'ปวช.2/17', 'การโรงแรม'),
(611110431, 'นางสาว', 'อริสา', 'พันแสน', 'ปวช.2/1', 'การบัญชี'),
(611110432, 'นางสาว', 'กนกวรรณ', 'เกิดทอง', 'ปวช.2/11', 'การท่องเที่ยว'),
(611110433, 'นางสาว', 'ชญากานต์', 'สำอางค์ญาติ', 'ปวช.2/1', 'การบัญชี'),
(611110434, 'นางสาว', 'สุดารัตน์', 'วิยะโคตร', 'ปวช.2/6', 'การตลาด'),
(611110435, 'นางสาว', 'จิระนันท์', 'ชูช่อ', 'ปวช.2/2', 'การบัญชี'),
(611110436, 'นางสาว', 'ปาริชาติ', 'เเพงคำตา', 'ปวช.2/2', 'การบัญชี'),
(611110437, 'นางสาว', 'นาตาชา', 'ลุนสำโรง', 'ปวช.2/2', 'การบัญชี'),
(611110438, 'นางสาว', 'มณฑกานต์', 'น้ำจันทร์', 'ปวช.2/7', 'คอมพิวเตอร์ธุรกิจ'),
(611110439, 'นาย', 'อรรถพล', 'บุรภักดิ์', 'ปวช.2/7', 'คอมพิวเตอร์ธุรกิจ'),
(611110441, 'นาย', 'ธนัทเทพ', 'บุญสิน', 'ปวช.2/8', 'คอมพิวเตอร์ธุรกิจ'),
(611110442, 'นาย', 'โกศัลย์', 'วิริยะดามินทร์', 'ปวช.2/7', 'คอมพิวเตอร์ธุรกิจ'),
(611110443, 'นางสาว', 'วิยะดา', 'สาเจียร', 'ปวช.2/3', 'การบัญชี'),
(611110444, 'นางสาว', 'จิรัฏฐ์', 'ศุภกานต์เศวตโชติ', 'ปวช.2/13', 'คอมพิวเตอร์กราฟิก'),
(611110445, 'นาย', 'เทพวุฒิ', 'แสงละออ', 'ปวช.2/5', 'การตลาด'),
(611110447, 'นางสาว', 'ฑัตติยา', 'โพนเสน', 'ปวช.2/13', 'คอมพิวเตอร์กราฟิก'),
(611110449, 'นางสาว', 'นนธิยา', 'นิลธง', 'ปวช.2/5', 'การตลาด'),
(611110450, 'นางสาว', 'ฐิติวรดา', 'แสนฟูเฟื่อง', 'ปวช.2/2', 'การบัญชี'),
(611110451, 'นางสาว', 'ลักษ์คณา', 'เธอกิจ', 'ปวช.2/2', 'การบัญชี'),
(611110452, 'นางสาว', 'ภาวิณี', 'พวงกิจจา', 'ปวช.2/2', 'การบัญชี'),
(611110453, 'นาย', 'ปฐมชัย', 'นนท์ศิริ', 'ปวช.2/7', 'คอมพิวเตอร์ธุรกิจ'),
(611110454, 'นาย', 'อธิวัฒน์', 'กล่ำนาค', 'ปวช.2/7', 'คอมพิวเตอร์ธุรกิจ'),
(611110455, 'นางสาว', 'ชลธิชา', 'กาละมูล', 'ปวช.2/5', 'การตลาด'),
(611110456, 'นางสาว', 'ชลธิชา', 'สวนมิ', 'ปวช.2/6', 'การตลาด'),
(611110458, 'นางสาว', 'ชนัญญา', 'ทิมเสถียร', 'ปวช.2/11', 'การท่องเที่ยว'),
(611110459, 'นางสาว', 'กัญญารัตน์', 'สุดเฉลียว', 'ปวช.2/6', 'การตลาด'),
(611110461, 'นาย', 'พุฒิพงศ์', 'นาคสัมฤทธิ์', 'ปวช.2/14', 'คอมพิวเตอร์กราฟิก'),
(611110462, 'นางสาว', 'นภัสสร', 'วรรณคุณ', 'ปวช.2/6', 'การตลาด'),
(611110463, 'นางสาว', 'สุจิตรา', 'สอาดพระโคน', 'ปวช.2/17', 'การโรงแรม'),
(611110464, 'นาย', 'ปารเมศ', 'ปิ่นแก้ว', 'ปวช.2/7', 'คอมพิวเตอร์ธุรกิจ'),
(611110465, 'นาย', 'วศิน', 'จิรศักดิ์ทวี', 'ปวช.2/8', 'คอมพิวเตอร์ธุรกิจ'),
(611110467, 'นาย', 'กิติพัฒน์', 'เพ็ชรนิล', 'ปวช.2/13', 'คอมพิวเตอร์กราฟิก'),
(611110468, 'นางสาว', 'วรรณวิศา', 'พิมดี', 'ปวช.2/1', 'การบัญชี'),
(611110469, 'นางสาว', 'จีรวรรณ', 'ไตรยวงค์', 'ปวช.2/17', 'การโรงแรม'),
(611110471, 'นางสาว', 'ศราธร', 'ไข่กลิ่น', 'ปวช.2/3', 'การบัญชี'),
(611110473, 'นางสาว', 'สุกัญญา', 'สุวรรณโชติ', 'ปวช.2/3', 'การบัญชี'),
(611110474, 'นาย', 'ธิติสรรค์', 'อ๊อกฉิม', 'ปวช.2/6', 'การตลาด'),
(611110475, 'นาย', 'ภาณุพงศ์', 'ไชยคชเดช', 'ปวช.2/13', 'คอมพิวเตอร์กราฟิก'),
(611110476, 'นาย', 'รุ่งเรือง', 'วังหมวดมนต์', 'ปวช.2/11', 'การท่องเที่ยว'),
(611110477, 'นาย', 'เจษฎา', 'ดรลิเคน', 'ปวช.2/14', 'คอมพิวเตอร์กราฟิก'),
(611110478, 'นาย', 'สิทธิชัย', 'พุ่มหริ่ม', 'ปวช.2/3', 'การบัญชี'),
(611110479, 'นางสาว', 'จันทร์', 'ตาแสง', 'ปวช.2/11', 'การท่องเที่ยว'),
(611110480, 'นาย', 'ณัฐพร', 'ทองบุญโฑ', 'ปวช.2/14', 'คอมพิวเตอร์กราฟิก'),
(611110481, 'นาย', 'ณัฏฐ์', 'ประไพยาพงษ์', 'ปวช.2/11', 'การท่องเที่ยว'),
(611110482, 'นางสาว', 'สุณัชชา', 'บุญประเสริฐ', 'ปวช.2/3', 'การบัญชี'),
(611110483, 'นางสาว', 'ลักษมณ', 'วงษ์นาค', 'ปวช.2/6', 'การตลาด'),
(611110484, 'นาย', 'สกาย', 'นาทุม', 'ปวช.2/13', 'คอมพิวเตอร์กราฟิก'),
(611110485, 'นางสาว', 'ธัญรดา', 'นาแหยม', 'ปวช.2/6', 'การตลาด'),
(611110486, 'นางสาว', 'อธิชา', 'สิริทั่งทอง', 'ปวช.2/13', 'คอมพิวเตอร์กราฟิก'),
(611110487, 'นางสาว', 'ณัฐณิชา', 'แดงด่อน', 'ปวช.2/13', 'คอมพิวเตอร์กราฟิก'),
(611110488, 'นางสาว', 'พรทิพย์', 'หลวนเกียว', 'ปวช.2/6', 'การตลาด'),
(611110490, 'นางสาว', 'ปาลิตา', 'เดชจินดา', 'ปวช.2/3', 'การบัญชี'),
(611110491, 'นาย', 'ดนัยพล', 'ประถมตรึก', 'ปวช.2/8', 'คอมพิวเตอร์ธุรกิจ'),
(611110492, 'นาย', 'อนุชา', 'ออทอง', 'ปวช.2/13', 'คอมพิวเตอร์กราฟิก'),
(611110493, 'นาย', 'สุโภช', 'ทินนิจวงศ์', 'ปวช.2/14', 'คอมพิวเตอร์กราฟิก'),
(611110494, 'นาย', 'ปิยะนันท์', 'ลาจันทะ', 'ปวช.2/14', 'คอมพิวเตอร์กราฟิก'),
(611110495, 'นางสาว', 'ปรารถนา', 'พวงทอง', 'ปวช.2/11', 'การท่องเที่ยว'),
(611110496, 'นาย', 'ชัชวาล', 'ภูรัตนกุล', 'ปวช.2/7', 'คอมพิวเตอร์ธุรกิจ'),
(611110497, 'นางสาว', 'ศิริวรรณ', 'กันทะเนตร', 'ปวช.2/2', 'การบัญชี'),
(611110498, 'นางสาว', 'วริณญา', 'บุปผาแช่ม', 'ปวช.2/3', 'การบัญชี'),
(611110499, 'นางสาว', 'วรัณญา', 'บุปผาแช่ม', 'ปวช.2/3', 'การบัญชี'),
(611110500, 'นาย', 'ชาติชาย', 'จุติตรี', 'ปวช.2/14', 'คอมพิวเตอร์กราฟิก'),
(611110502, 'นาย', 'กิตติศักดิ์', 'สราวุธจิรพงศ์', 'ปวช.2/18', 'การโรงแรม'),
(611110503, 'นาย', 'กฤษณะ', 'ทองดี', 'ปวช.2/17', 'การโรงแรม'),
(611110504, 'นาย', 'ศิลา', 'เกิดหิรัญ', 'ปวช.2/14', 'คอมพิวเตอร์กราฟิก'),
(611110505, 'นางสาว', 'ทิพวรรณ', 'สีสันงาม', 'ปวช.2/1', 'การบัญชี'),
(611110506, 'นางสาว', 'พิมวดี', 'เฉยชิต', 'ปวช.2/11', 'การท่องเที่ยว'),
(611110509, 'นาย', 'วัชรพล', 'บุญจันทร์', 'ปวช.2/2', 'การบัญชี'),
(611110512, 'นางสาว', 'ปัทมาวดี', 'ศรีอ่อนดี', 'ปวช.2/1', 'การบัญชี'),
(611110513, 'นางสาว', 'รดามณี', 'สุ่มประดิษฐ์', 'ปวช.2/11', 'การท่องเที่ยว'),
(611110514, 'นางสาว', 'วิชญาดา', 'โพธิ์ฉายา', 'ปวช.2/7', 'คอมพิวเตอร์ธุรกิจ'),
(611110515, 'นาย', 'ภพภะ', 'ดุลยพัฒน์', 'ปวช.2/8', 'คอมพิวเตอร์ธุรกิจ'),
(611110516, 'นางสาว', 'อักษร', 'เพลียขุนทด', 'ปวช.2/11', 'การท่องเที่ยว'),
(611110517, 'นาย', 'ธีรภัทร', 'เรืองแจ่ม', 'ปวช.2/5', 'การตลาด'),
(611110521, 'นาย', 'ธนภัทร', 'สีสว่าง', 'ปวช.2/8', 'คอมพิวเตอร์ธุรกิจ'),
(611110522, 'นาย', 'ธีรวัฒน์', 'ลิ่มรัตน์สุวรรณ', 'ปวช.2/8', 'คอมพิวเตอร์ธุรกิจ'),
(611110524, 'นางสาว', 'กฤษณา', 'วงศ์พินิจ', 'ปวช.2/11', 'การท่องเที่ยว'),
(611110525, 'นางสาว', 'ปานทิพย์', 'ดีด้วยมี', 'ปวช.2/5', 'การตลาด'),
(611110526, 'นางสาว', 'สุธิสา', 'บุญรอด', 'ปวช.2/2', 'การบัญชี'),
(611110527, 'นาย', 'สิทธินนท์', 'นันทะสิงห์', 'ปวช.2/14', 'คอมพิวเตอร์กราฟิก'),
(611110528, 'นาย', 'ธนมาวิน', 'นาโพธิ์', 'ปวช.2/5', 'การตลาด'),
(611110529, 'นาย', 'เจษฎา', 'กุลบุตร', 'ปวช.2/11', 'การท่องเที่ยว'),
(611110530, 'นางสาว', 'ลัดดา', 'สบายจิตร', 'ปวช.2/2', 'การบัญชี'),
(611110531, 'นางสาว', 'แพรพลอย', 'ปินะถา', 'ปวช.2/17', 'การโรงแรม'),
(611110533, 'นางสาว', 'ณัฐริกา', 'พิขุนทด', 'ปวช.2/2', 'การบัญชี'),
(611110534, 'นาย', 'ธนโชติ', 'ประทุมมาตย์', 'ปวช.2/3', 'การบัญชี'),
(611110535, 'นาย', 'จิรายุส', 'กลิ่นหอมอ่อน', 'ปวช.2/7', 'คอมพิวเตอร์ธุรกิจ'),
(611110536, 'นาย', 'วิทวัฒน์', 'โกเทวิปู', 'ปวช.2/7', 'คอมพิวเตอร์ธุรกิจ'),
(611110538, 'นางสาว', 'สิตานันท์', 'เขียวทอง', 'ปวช.2/3', 'การบัญชี'),
(611110539, 'นาย', 'ธนดล', 'ดอนดินไทย', 'ปวช.2/7', 'คอมพิวเตอร์ธุรกิจ'),
(611110540, 'นาย', 'ธวัชชัย', 'อุ๊นย่งเซ็ง', 'ปวช.2/6', 'การตลาด'),
(611110541, 'นาย', 'ปฏิภาณ', 'พิมพ์โพธิ์กลาง', 'ปวช.2/13', 'คอมพิวเตอร์กราฟิก'),
(611110542, 'นาย', 'ปราบดา', 'อรรถวิรัตน์', 'ปวช.2/13', 'คอมพิวเตอร์กราฟิก'),
(611110543, 'นางสาว', 'ประวีณา', 'อัมภรัตน์', 'ปวช.2/5', 'การตลาด'),
(611110544, 'นางสาว', 'ศริศรา', 'วังคีรี', 'ปวช.2/8', 'คอมพิวเตอร์ธุรกิจ'),
(611110545, 'นาย', 'อมรเทพ', 'โพธิ์เเจ้', 'ปวช.2/6', 'การตลาด'),
(611110546, 'นางสาว', 'กัญญารัตน์', 'อาจินกิจ', 'ปวช.2/2', 'การบัญชี'),
(611110547, 'นาย', 'นิธิพงษ์', 'คำลือ', 'ปวช.2/17', 'การโรงแรม'),
(611110548, 'นาย', 'พิสิษฐ์', 'มีสงฆ์', 'ปวช.2/3', 'การบัญชี'),
(611110551, 'นาย', 'ชัยชนะ', 'ศรีจันทร์สุข', 'ปวช.2/6', 'การตลาด'),
(611110554, 'นาย', 'ภราดร', 'บุดดา', 'ปวช.2/14', 'คอมพิวเตอร์กราฟิก'),
(611110556, 'นาย', 'อรรถพร', 'อัศวเพชรฤกษ์', 'ปวช.2/1', 'การบัญชี'),
(611110558, 'นาย', 'นัฐวุฒิ', 'บัวชัย', 'ปวช.2/6', 'การตลาด'),
(611110559, 'นางสาว', 'เณธัญญา', 'วโรภาสวัตกร', 'ปวช.2/14', 'คอมพิวเตอร์กราฟิก'),
(611110560, 'นางสาว', 'กฤตยา', 'สืบสายลา', 'ปวช.2/1', 'การบัญชี'),
(611110561, 'นาย', 'สิรวิชญ์', 'วงศ์ลคร', 'ปวช.2/11', 'การท่องเที่ยว'),
(611110562, 'นางสาว', 'ปนัสยา', 'อ่องลา', 'ปวช.2/5', 'การตลาด'),
(611110563, 'นาย', 'พีรศักดิ์', 'เหลือทรัพย์', 'ปวช.2/13', 'คอมพิวเตอร์กราฟิก'),
(611110565, 'นาย', 'สิทธิชัย', 'พานทวีป', 'ปวช.2/14', 'คอมพิวเตอร์กราฟิก'),
(611110566, 'นาย', 'พงศ์สวัสดิ์', 'นุ่มเนียม', 'ปวช.2/14', 'คอมพิวเตอร์กราฟิก'),
(611110568, 'นางสาว', 'นัทสุดา', 'เกิดพุ่มนาค', 'ปวช.2/11', 'การท่องเที่ยว'),
(611110569, 'นางสาว', 'รัตนาภรณ์', 'ศรีเพ็งแก้ว', 'ปวช.2/6', 'การตลาด'),
(611110570, 'นาย', 'พุฒิพงษ์', 'วินันท์สุชาติ', 'ปวช.2/13', 'คอมพิวเตอร์กราฟิก'),
(611110573, 'นาย', 'ศุภวิชญ์', 'โสไกร', 'ปวช.2/1', 'การบัญชี'),
(611110574, 'นางสาว', 'รมย์ชลี', 'ง่วนโฮ้ว', 'ปวช.2/8', 'คอมพิวเตอร์ธุรกิจ'),
(611110579, 'นาย', 'ษุภภ์ปาณ', 'คุณัญญาพร', 'ปวช.2/8', 'คอมพิวเตอร์ธุรกิจ'),
(611110580, 'นางสาว', 'ทิพวรรณ์', 'เวียงชัย', 'ปวช.2/6', 'การตลาด'),
(611110582, 'นาย', 'รัตนพงษ์', 'จิตรีหาญ', 'ปวช.2/13', 'คอมพิวเตอร์กราฟิก'),
(611110583, 'นาย', 'ธัญธร', 'เลินไธสง', 'ปวช.2/11', 'การท่องเที่ยว'),
(611110584, 'นาย', 'พงษ์กฤษณ์', 'ทองสม', 'ปวช.2/8', 'คอมพิวเตอร์ธุรกิจ'),
(611110585, 'นาย', 'ณัฐภัทร', 'หัวหว้า', 'ปวช.2/3', 'การบัญชี'),
(611110586, 'นาย', 'จีระพจน์', 'ปิ่นทองพันธ์', 'ปวช.2/13', 'คอมพิวเตอร์กราฟิก'),
(611110589, 'นาย', 'วิโรจน์', 'สารมะโน', 'ปวช.2/8', 'คอมพิวเตอร์ธุรกิจ'),
(611110590, 'นาย', 'อภิเดช', 'เมฆประสาท', 'ปวช.2/18', 'การโรงแรม'),
(611110594, 'นางสาว', 'วิริยา', 'เด็ดใจทัศน์', 'ปวช.2/7', 'คอมพิวเตอร์ธุรกิจ'),
(611110597, 'นางสาว', 'อุบลวรรณ', 'เต็มเกตุ', 'ปวช.2/1', 'การบัญชี'),
(611110600, 'นางสาว', 'จีรนันท์', 'อาริยะ', 'ปวช.2/17', 'การโรงแรม'),
(611110601, 'นาย', 'สมมาศ', 'กรองสี', 'ปวช.2/8', 'คอมพิวเตอร์ธุรกิจ'),
(611110602, 'นางสาว', 'ปภาวดี', 'แซ่โง้ว', 'ปวช.2/5', 'การตลาด'),
(611110603, 'นางสาว', 'เมธาวดี', 'นาคประคอง', 'ปวช.2/7', 'คอมพิวเตอร์ธุรกิจ'),
(611110604, 'นางสาว', 'วิมลลักษณ์', 'รอดกำพล', 'ปวช.2/8', 'คอมพิวเตอร์ธุรกิจ'),
(611110606, 'นาย', 'ปรมี', 'บุญเเก้ว', 'ปวช.2/11', 'การท่องเที่ยว'),
(611110607, 'นาย', 'ปรเมษฐ์', 'เจริญสวัสดิ์', 'ปวช.2/13', 'คอมพิวเตอร์กราฟิก'),
(611110608, 'นางสาว', 'พลอยดาว', 'เหล่าอู', 'ปวช.2/5', 'การตลาด'),
(611110610, 'นาย', 'อิทธิพล', 'หาดจันทร์', 'ปวช.2/13', 'คอมพิวเตอร์กราฟิก'),
(611110611, 'นางสาว', 'ลลิษา', 'สุขขำ', 'ปวช.2/14', 'คอมพิวเตอร์กราฟิก'),
(611110612, 'นางสาว', 'รัชชนันท์', 'แสงแจ้', 'ปวช.2/17', 'การโรงแรม'),
(611110613, 'นางสาว', 'สุนิสา', 'แสวงทรัพย์', 'ปวช.2/2', 'การบัญชี'),
(611110614, 'นาย', 'สหรัฐ', 'นาชัยสิทธิ์', 'ปวช.2/11', 'การท่องเที่ยว'),
(611110618, 'นาย', 'พงค์พัฒน์', 'สร้อยมณี', 'ปวช.2/13', 'คอมพิวเตอร์กราฟิก'),
(611110620, 'นาย', 'กิตติธัช', 'สนพลกรัง', 'ปวช.2/7', 'คอมพิวเตอร์ธุรกิจ'),
(611110621, 'นาย', 'กนิษฐ์', 'เอื้อเฟื้อ', 'ปวช.2/13', 'คอมพิวเตอร์กราฟิก'),
(611110622, 'นาย', 'จิรวัฒน์', 'โรจนประโยชน์', 'ปวช.2/13', 'คอมพิวเตอร์กราฟิก'),
(611110623, 'นาย', 'ธีรไนย', 'ก้านเหลือง', 'ปวช.2/13', 'คอมพิวเตอร์กราฟิก'),
(611110624, 'นาย', 'สรวิศ', 'คำทิพย์', 'ปวช.2/6', 'การตลาด'),
(611110625, 'นาย', 'ณัฐนันท์', 'น่วมจิตร', 'ปวช.2/13', 'คอมพิวเตอร์กราฟิก'),
(611110628, 'นาย', 'เจษฎาภรณ์', 'สำเนียงเพราะ', 'ปวช.2/8', 'คอมพิวเตอร์ธุรกิจ'),
(611110629, 'นางสาว', 'มัลลิกา', 'ศรีจงใจ', 'ปวช.2/5', 'การตลาด'),
(611110631, 'นาย', 'ภูดิศ', 'อัครสังวรณ์', 'ปวช.2/17', 'การโรงแรม'),
(611110632, 'นางสาว', 'อภิญญา', 'ปิยะเจริญ', 'ปวช.2/11', 'การท่องเที่ยว'),
(611110635, 'นางสาว', 'ชนิกานต์', 'วงศ์ษา', 'ปวช.2/2', 'การบัญชี'),
(611110636, 'นางสาว', 'ภัทรดา', 'วัชรปภาพงศ์', 'ปวช.2/8', 'คอมพิวเตอร์ธุรกิจ'),
(611110637, 'นางสาว', 'ชาลิสา', 'เพ็ชรถึก', 'ปวช.2/5', 'การตลาด'),
(611110638, 'นางสาว', 'สิริวัล', 'พรรณมาตย์', 'ปวช.2/1', 'การบัญชี'),
(611110639, 'นาย', 'อภิชัย', 'ตั๊งสมบูรณ์', 'ปวช.2/14', 'คอมพิวเตอร์กราฟิก'),
(611110640, 'นางสาว', 'วรัญญา', 'สาครอาจ', 'ปวช.2/14', 'คอมพิวเตอร์กราฟิก'),
(611110645, 'นาย', 'อรรถวีกรณ์', 'สารลึก', 'ปวช.2/2', 'การบัญชี'),
(611110646, 'นางสาว', 'กาญจนา', 'จงทำดีประเสริฐ', 'ปวช.2/8', 'คอมพิวเตอร์ธุรกิจ'),
(611110647, 'นางสาว', 'ภัศรา', 'ศรีสุพรรณ', 'ปวช.2/6', 'การตลาด'),
(611110649, 'นางสาว', 'กันทิชา', 'งามขำ', 'ปวช.2/6', 'การตลาด'),
(611110651, 'นาย', 'พิฆเนศ', 'นาใจ', 'ปวช.2/13', 'คอมพิวเตอร์กราฟิก'),
(611110652, 'นางสาว', 'สุธาทิพย์', 'ใสสะอาด', 'ปวช.2/11', 'การท่องเที่ยว'),
(611110653, 'นาย', 'นนทวัฒน์', 'กลิ่นคง', 'ปวช.2/7', 'คอมพิวเตอร์ธุรกิจ'),
(611110654, 'นาย', 'ธีรภัทร', 'เม่นทอง', 'ปวช.2/11', 'การท่องเที่ยว'),
(611110656, 'นางสาว', 'สิริโสภา', 'บูรณะพล', 'ปวช.2/2', 'การบัญชี'),
(611110657, 'นางสาว', 'วิภาพร', 'ภูกัญญา', 'ปวช.2/7', 'คอมพิวเตอร์ธุรกิจ'),
(611110659, 'นาย', 'ชัยยนันท์', 'แซ่ฉ่อย', 'ปวช.2/13', 'คอมพิวเตอร์กราฟิก'),
(611110662, 'นาย', 'พีรพัฒน์', 'อิทธินรเศรษฐ์', 'ปวช.2/14', 'คอมพิวเตอร์กราฟิก'),
(611110663, 'นางสาว', 'อธิชนัน', 'เถื่อนดำ', 'ปวช.2/13', 'คอมพิวเตอร์กราฟิก'),
(611110665, 'นาย', 'สิทธิชัย', 'มหาบุณย์', 'ปวช.2/14', 'คอมพิวเตอร์กราฟิก'),
(611110666, 'นาย', 'ทศพร', 'ทีดี', 'ปวช.2/7', 'คอมพิวเตอร์ธุรกิจ'),
(611110667, 'นาย', 'ธนวัฒน์', 'วงศ์ปิยะไพบูลย์', 'ปวช.2/7', 'คอมพิวเตอร์ธุรกิจ'),
(611110669, 'นาย', 'หล่ำปัง', 'ตาแก้ว', 'ปวช.2/5', 'การตลาด'),
(611110670, 'นาย', 'ธนัท', 'แก้วสุกใส', 'ปวช.2/6', 'การตลาด'),
(611110671, 'นาย', 'ธนกร', 'ไชยกิตติ', 'ปวช.2/18', 'การโรงแรม'),
(611110673, 'นางสาว', 'พรนภา', 'พุทธประมวล', 'ปวช.2/8', 'คอมพิวเตอร์ธุรกิจ'),
(611110676, 'นางสาว', 'นพรัตน์', 'กิจอ่อน', 'ปวช.2/2', 'การบัญชี'),
(611110677, 'นาย', 'เกรียงไกร', 'เจ็ดสี', 'ปวช.2/13', 'คอมพิวเตอร์กราฟิก'),
(611110678, 'นาย', 'ภาณุพงศ์', 'ธนะโชติ', 'ปวช.2/13', 'คอมพิวเตอร์กราฟิก'),
(611110679, 'นาย', 'อภิรัตน์', 'เทียมวัน', 'ปวช.2/8', 'คอมพิวเตอร์ธุรกิจ'),
(611110681, 'นาย', 'กษิดิศ', 'สมพจน์', 'ปวช.2/7', 'คอมพิวเตอร์ธุรกิจ'),
(611110682, 'นาย', 'พีรพัฒน์', 'บ่อสุข', 'ปวช.2/3', 'การบัญชี'),
(611110683, 'นาย', 'ปัณณวัชร์', 'ภูรีสิทธิเกียรติ', 'ปวช.2/13', 'คอมพิวเตอร์กราฟิก'),
(611110686, 'นาย', 'อรรถชัย', 'สวยรูป', 'ปวช.2/13', 'คอมพิวเตอร์กราฟิก'),
(611110687, 'นาย', 'ชัยวัฒน์', 'ทัศนบรรจง', 'ปวช.2/6', 'การตลาด'),
(611110689, 'นางสาว', 'ณัฏฐ์นรี', 'พันธ์ุเสนา', 'ปวช.2/13', 'คอมพิวเตอร์กราฟิก'),
(611110690, 'นาย', 'ภูวนาท', 'เมธาวงศ์วณิช', 'ปวช.2/13', 'คอมพิวเตอร์กราฟิก'),
(611110692, 'นาย', 'ธนากร', 'อินทสร', 'ปวช.2/6', 'การตลาด'),
(611110694, 'นาย', 'กิตติศักดิ์', 'แสนกล้า', 'ปวช.2/14', 'คอมพิวเตอร์กราฟิก'),
(611110695, 'นาย', 'อเวง', '-', 'ปวช.2/3', 'การบัญชี'),
(611110696, 'นาย', 'ธนรัตน์', 'ไชยทองศรี', 'ปวช.2/7', 'คอมพิวเตอร์ธุรกิจ'),
(611110698, 'นางสาว', 'นภาภรณ์', 'คุณสุนนท์', 'ปวช.2/1', 'การบัญชี'),
(611110699, 'นางสาว', 'สุพัตรา', 'สังคิด', 'ปวช.2/5', 'การตลาด'),
(611110701, 'นางสาว', 'กุสุมา', 'จรูญศรี', 'ปวช.2/7', 'คอมพิวเตอร์ธุรกิจ'),
(611110702, 'นาย', 'วิวัฒน์', 'จีนสมบุญ', 'ปวช.2/14', 'คอมพิวเตอร์กราฟิก'),
(611110704, 'นาย', 'นิธิศ', 'คุ้มคุณ', 'ปวช.2/5', 'การตลาด'),
(611110705, 'นาย', 'กิจติพันธุ์', 'ดอกลำภู', 'ปวช.2/8', 'คอมพิวเตอร์ธุรกิจ'),
(611110707, 'นางสาว', 'ณัชชา', 'มะลิซ้อน', 'ปวช.2/5', 'การตลาด'),
(611110708, 'นาย', 'ศุภกิตติ์', 'จ่าเมือง', 'ปวช.2/2', 'การบัญชี'),
(611110709, 'นาย', 'อภิสิทธิ์', 'พุทธวิเศษ', 'ปวช.2/8', 'คอมพิวเตอร์ธุรกิจ'),
(611110710, 'นาย', 'ชาคริต', 'เพ็งขุนทด', 'ปวช.2/13', 'คอมพิวเตอร์กราฟิก'),
(611110711, 'นาย', 'ชาคริต', 'ละพิมาย', 'ปวช.2/7', 'คอมพิวเตอร์ธุรกิจ'),
(611110712, 'นางสาว', 'นารีรัตน์', 'ตีกลองทอม', 'ปวช.2/8', 'คอมพิวเตอร์ธุรกิจ'),
(611110714, 'นางสาว', 'ทัศรียา', 'แก้วใจ', 'ปวช.2/6', 'การตลาด'),
(611110715, 'นางสาว', 'ปิยดา', 'น่ารัก', 'ปวช.2/17', 'การโรงแรม'),
(611110716, 'นาย', 'ทีปะกร', 'ดำศรีสวัสดิ์', 'ปวช.2/13', 'คอมพิวเตอร์กราฟิก'),
(611110717, 'นางสาว', 'เบญญทิพย์', 'แกลโกศล', 'ปวช.2/6', 'การตลาด'),
(611110718, 'นางสาว', 'ปัทมพร', 'โลทะราท', 'ปวช.2/6', 'การตลาด'),
(611110719, 'นางสาว', 'พรรวษา', 'ท่าไม้สุข', 'ปวช.2/6', 'การตลาด'),
(611110721, 'นางสาว', 'นันทิยา', 'บัวรังษี', 'ปวช.2/3', 'การบัญชี'),
(611110722, 'นาย', 'ณัฐดนัย', 'ช่วงไชยยะ', 'ปวช.2/3', 'การบัญชี'),
(611110723, 'นาย', 'พงษ์ธนา', 'เพิ่มดี', 'ปวช.2/7', 'คอมพิวเตอร์ธุรกิจ'),
(611110724, 'นาย', 'รณกฤช', 'ปิดตาโส', 'ปวช.2/17', 'การโรงแรม'),
(611110725, 'นางสาว', 'ปาสิดา', 'ปฐมวรสกุล', 'ปวช.2/3', 'การบัญชี'),
(611110727, 'นาย', 'พรเทพ', 'ลายประโคน', 'ปวช.2/11', 'การท่องเที่ยว'),
(611110728, 'นางสาว', 'ทิพาพร', 'อินธิแสง', 'ปวช.2/11', 'การท่องเที่ยว'),
(611110730, 'นาย', 'คุณากร', 'อินทรวิเชียร', 'ปวช.2/18', 'การโรงแรม'),
(611110732, 'นางสาว', 'น้ำฝน', 'เมาขุนทด', 'ปวช.2/3', 'การบัญชี'),
(611110733, 'นางสาว', 'ทิพย์นที', 'จินดา', 'ปวช.2/2', 'การบัญชี'),
(611110734, 'นางสาว', 'มาฤณี', 'โชติประเดิม', 'ปวช.2/11', 'การท่องเที่ยว'),
(611110735, 'นาย', 'อภิสิทธิ์', 'ณ นุวงศ์', 'ปวช.2/14', 'คอมพิวเตอร์กราฟิก'),
(611110736, 'นางสาว', 'ปลายฟ้า', 'ศรีมีชัย', 'ปวช.2/11', 'การท่องเที่ยว'),
(611110737, 'นางสาว', 'เอมอร', 'ตรีเหลา', 'ปวช.2/11', 'การท่องเที่ยว'),
(611110738, 'นาย', 'บวรพล', 'วงศ์เกียรติกำจร', 'ปวช.2/8', 'คอมพิวเตอร์ธุรกิจ'),
(611110739, 'นางสาว', 'ศรัณยา', 'กองพิกุล', 'ปวช.2/18', 'การโรงแรม'),
(611110740, 'นาย', 'วิษณุ', 'ดีสมบัติ', 'ปวช.2/8', 'คอมพิวเตอร์ธุรกิจ'),
(611110741, 'นาย', 'อนุวัฒน์', 'มาพิทักษ์', 'ปวช.2/8', 'คอมพิวเตอร์ธุรกิจ'),
(611110742, 'นาย', 'ธีระศักดิ์', 'สาธร', 'ปวช.2/8', 'คอมพิวเตอร์ธุรกิจ'),
(611110743, 'นางสาว', 'วัชรากร', 'เฉิดพันธ์', 'ปวช.2/2', 'การบัญชี'),
(611110744, 'นาย', 'สุทธา', 'ปิยะกาบเเก้ว', 'ปวช.2/5', 'การตลาด'),
(611110752, 'นางสาว', 'พัชรนันท์', 'หังฉุน', 'ปวช.2/14', 'คอมพิวเตอร์กราฟิก'),
(611110753, 'นาย', 'ปฏิพล', 'ม่วงเจริญ', 'ปวช.2/6', 'การตลาด'),
(611110754, 'นาย', 'ธนาดล', 'สุวรรณ์', 'ปวช.2/13', 'คอมพิวเตอร์กราฟิก'),
(611110755, 'นาย', 'จักรพรรดิ', 'คงพุ่ม', 'ปวช.2/17', 'การโรงแรม'),
(611110756, 'นาย', 'ภูมินทร์', 'จันดา', 'ปวช.2/14', 'คอมพิวเตอร์กราฟิก'),
(611110757, 'นางสาว', 'พรรณพสา', 'บุญอภัย', 'ปวช.2/5', 'การตลาด'),
(611110758, 'นางสาว', 'กมลลักษณ์', 'บัวศร', 'ปวช.2/5', 'การตลาด'),
(611110759, 'นางสาว', 'วลิศรา', 'วงค์ขันธ์', 'ปวช.2/3', 'การบัญชี'),
(611110761, 'นางสาว', 'วริศรา', 'ศรีทองสุข', 'ปวช.2/7', 'คอมพิวเตอร์ธุรกิจ'),
(611110762, 'นาย', 'เดชนรินทร์', 'เกลี้ยงพร้อม', 'ปวช.2/8', 'คอมพิวเตอร์ธุรกิจ'),
(611110763, 'นาย', 'อนุชิต', 'พ่วงเจริญ', 'ปวช.2/13', 'คอมพิวเตอร์กราฟิก'),
(611110767, 'นางสาว', 'พรรัตน์', 'กลิ่นสุบรรณ์', 'ปวช.2/11', 'การท่องเที่ยว'),
(611110768, 'นาย', 'ไตรภพ', 'เเปล่งหนองเเซง', 'ปวช.2/14', 'คอมพิวเตอร์กราฟิก'),
(611110769, 'นาย', 'ปิยพัทธ์', 'บุญหอม', 'ปวช.2/5', 'การตลาด'),
(611110773, 'นางสาว', 'กษิรา', 'กลิ่นพราหม', 'ปวช.2/17', 'การโรงแรม'),
(611110774, 'นาย', 'ณัฐวุฒิ', 'ต่ายชาวนา', 'ปวช.2/3', 'การบัญชี'),
(611110775, 'นาย', 'ภาสกร', 'ขำต้นวงศ์', 'ปวช.2/13', 'คอมพิวเตอร์กราฟิก'),
(611110780, 'นาย', 'พิชญ์ชยุตม์', 'จันทร์ส่อง', 'ปวช.2/13', 'คอมพิวเตอร์กราฟิก'),
(611110781, 'นาย', 'อัษฎาวุธ', 'บุญเพ็ง', 'ปวช.2/7', 'คอมพิวเตอร์ธุรกิจ'),
(611110783, 'นางสาว', 'จิรัฐติกาล', 'สีสันงาม', 'ปวช.2/2', 'การบัญชี'),
(611110796, 'นาย', 'เทียนประสิทธิ์', 'สงค์พรมราช', 'ปวช.2/14', 'คอมพิวเตอร์กราฟิก'),
(611110800, 'นาย', 'ภานุวัตร', 'ธิมาชัย', 'ปวช.2/8', 'คอมพิวเตอร์ธุรกิจ'),
(611110803, 'นางสาว', 'ปณิตา', 'ฉิมขัณฑ์', 'ปวช.2/2', 'การบัญชี'),
(611110804, 'นาย', 'อัศม์กร', 'บัวแตง', 'ปวช.2/2', 'การบัญชี'),
(611110810, 'นางสาว', 'ณัฐชา', 'คำทอน', 'ปวช.3/15', 'การโรงแรม'),
(611110819, 'นาย', 'ณัฐกิตติ์', 'ศิริพงศ์เมธี', 'ปวช.2/18', 'การโรงแรม'),
(611110820, 'นางสาว', 'พรธิรา', 'พุทธอวยผล', 'ปวช.2/8', 'คอมพิวเตอร์ธุรกิจ'),
(611110828, 'นาย', 'ลูกแก้ว', 'ใจซื่อ', 'ปวช.2/18', 'การโรงแรม'),
(611110834, 'นาย', 'นพรัตน์', 'ม่วงเจริญ', 'ปวช.2/5', 'การตลาด'),
(611110848, 'นาย', 'กิติพัฒน์', 'วัฒนเจริญรุจน์', 'ปวช.2/8', 'คอมพิวเตอร์ธุรกิจ'),
(611110862, 'นาย', 'ธนดล', 'สืบสายดี', 'ปวช.2/8', 'คอมพิวเตอร์ธุรกิจ'),
(611120001, 'นางสาว', 'ชลิตา', 'ศรีเพ็งแก้ว', 'ปวส.2/4', 'การตลาด'),
(611120002, 'นางสาว', 'นุชนาถ', 'ผัสดี', 'ปวส.2/2', 'การบัญชี'),
(611120004, 'นาย', 'เอกพล', 'ศิลปวรเศรษฐ', 'ปวส.2/4', 'การตลาด'),
(611120005, 'นางสาว', 'จารุภา', 'แก้วมังกร', 'ปวส.2/1', 'การบัญชี'),
(611120006, 'นางสาว', 'จิรายุ', 'สมปัญญา', 'ปวส.2/5', 'คอมพิวเตอร์ธุรกิจ'),
(611120007, 'นางสาว', 'ณัฐปรียา', 'จงรับกลาง', 'ปวส.2/2', 'การบัญชี'),
(611120008, 'นางสาว', 'อติพร', 'แว่นดี', 'ปวส.2/2', 'การบัญชี'),
(611120009, 'นางสาว', 'น้ำฝน', 'อรเพชร', 'ปวส.2/2', 'การบัญชี'),
(611120010, 'นางสาว', 'เกศริน', 'ดอกรัก', 'ปวส.2/2', 'การบัญชี'),
(611120011, 'นาย', 'ธาวิน', 'กลิ่นสักโก', 'ปวส.2/2', 'การบัญชี'),
(611120012, 'นางสาว', 'สรารินทร์', 'คำจันทร์', 'ปวส.2/1', 'การบัญชี'),
(611120013, 'นางสาว', 'รัตนา', 'ขุนชัย', 'ปวส.2/4', 'การตลาด'),
(611120014, 'นางสาว', 'พัชริญา', 'เอกนะสิน', 'ปวส.2/4', 'การตลาด'),
(611120016, 'นางสาว', 'สุกัญญา', 'สุทธิ์ประภา', 'ปวส.2/1', 'การบัญชี'),
(611120018, 'นางสาว', 'บุษกร', 'วงษ์เปลี่ยว', 'ปวส.2/1', 'การบัญชี'),
(611120019, 'นางสาว', 'ณัฐนันท์', 'น่วมทนงค์', 'ปวส.2/1', 'การบัญชี'),
(611120020, 'นางสาว', 'ปาณฉัตร', 'อยู่ร่มพฤกษ์', 'ปวส.2/1', 'การบัญชี'),
(611120021, 'นาย', 'วราวุฒิ', 'ดวงรัตน์', 'ปวส.2/5', 'คอมพิวเตอร์ธุรกิจ'),
(611120022, 'นาย', 'วรายุทธ', 'ดวงรัตน์', 'ปวส.2/5', 'คอมพิวเตอร์ธุรกิจ'),
(611120025, 'นางสาว', 'สุดาพร', 'โรจน์บุญถึง', 'ปวส.2/1', 'การบัญชี'),
(611120026, 'นาย', 'ณัฎฐชา', 'แซ่โง้ว', 'ปวส.2/5', 'คอมพิวเตอร์ธุรกิจ'),
(611120027, 'นางสาว', 'สุภาพร', 'แก้วลอย', 'ปวส.2/1', 'การบัญชี'),
(611120028, 'นางสาว', 'ฐิติกา', 'ทองดี', 'ปวส.2/1', 'การบัญชี'),
(611120029, 'นางสาว', 'เขมิกา', 'เต็งมิ่ง', 'ปวส.2/1', 'การบัญชี'),
(611120030, 'นาย', 'ธีรพล', 'ยศศักดิ์ศรี', 'ปวส.2/1', 'การบัญชี'),
(611120031, 'นางสาว', 'ทิพรดา', 'นาดี', 'ปวส.2/1', 'การบัญชี'),
(611120032, 'นางสาว', 'ลลิตา', 'มีคลองโยง', 'ปวส.2/2', 'การบัญชี'),
(611120035, 'นางสาว', 'สุพพัตรา', 'แสนจันทร์', 'ปวส.2/1', 'การบัญชี'),
(611120036, 'นางสาว', 'นวนันท์', 'อ่อนศรี', 'ปวส.2/1', 'การบัญชี'),
(611120037, 'นาย', 'ปิยพล', 'นาควัชระ', 'ปวส.2/5', 'คอมพิวเตอร์ธุรกิจ'),
(611120038, 'นาย', 'สิทธิชัย', 'อ่วมเปี่ยม', 'ปวส.2/5', 'คอมพิวเตอร์ธุรกิจ'),
(611120039, 'นาย', 'ยศธร', 'อุบาลี', 'ปวส.2/5', 'คอมพิวเตอร์ธุรกิจ'),
(611120040, 'นาย', 'นัฐพงษ์', 'น้อยไธสง', 'ปวส.2/5', 'คอมพิวเตอร์ธุรกิจ'),
(611120041, 'นางสาว', 'นัทมล', 'วิศรียา', 'ปวส.2/2', 'การบัญชี'),
(611120043, 'นางสาว', 'ลัดดาวรรณ', 'ดินแผ่น', 'ปวส.2/4', 'การตลาด'),
(611120046, 'นางสาว', 'ศิรินทร์', 'พินิจอักษร', 'ปวส.2/5', 'คอมพิวเตอร์ธุรกิจ'),
(611120047, 'นางสาว', 'ศรุตยา', 'บู่สามสาย', 'ปวส.2/1', 'การบัญชี'),
(611120049, 'นางสาว', 'แพรว', 'ตาวัน', 'ปวส.2/4', 'การตลาด'),
(611120050, 'นาย', 'ปาณบดี', 'นาคกร', 'ปวส.2/14', 'คอมพิวเตอร์กราฟิก'),
(611120051, 'นางสาว', 'สวรส', 'ชลพงษ์', 'ปวส.2/7', 'การท่องเที่ยว'),
(611120052, 'นางสาว', 'นติรัตน์', 'บุญรองเรือง', 'ปวส.2/14', 'คอมพิวเตอร์กราฟิก'),
(611120053, 'นางสาว', 'กรฐิตา', 'ปลื้มถนอม', 'ปวส.2/14', 'คอมพิวเตอร์กราฟิก'),
(611120054, 'นางสาว', 'ประภัสสร', 'ดาวเรือง', 'ปวส.2/1', 'การบัญชี'),
(611120055, 'นางสาว', 'พรพรรณ', 'เกตุแก้วเกลี้ยง', 'ปวส.2/4', 'การตลาด'),
(611120056, 'นางสาว', 'กัลยา', 'ศรีสุข', 'ปวส.2/1', 'การบัญชี'),
(611120057, 'นางสาว', 'สุกัญญา', 'เปี่ยมทองคำ', 'ปวส.2/1', 'การบัญชี'),
(611120059, 'นางสาว', 'ศศินา', 'กาญจนา', 'ปวส.2/7', 'การท่องเที่ยว'),
(611120060, 'นางสาว', 'สกุลณา', 'กาญจนา', 'ปวส.2/7', 'การท่องเที่ยว'),
(611120061, 'นางสาว', 'เจนจิรา', 'ขันโท', 'ปวส.2/1', 'การบัญชี'),
(611120062, 'นางสาว', 'กุลธิดา', 'ใจคำ', 'ปวส.2/1', 'การบัญชี'),
(611120063, 'นางสาว', 'อธิญากร', 'ขำประเสริฐ', 'ปวส.2/7', 'การท่องเที่ยว'),
(611120064, 'นางสาว', 'นวพร', 'ไตรจิตร', 'ปวส.2/1', 'การบัญชี'),
(611120065, 'นางสาว', 'วนิดา', 'เอื้อพัฒนาพานิชย์', 'ปวส.2/1', 'การบัญชี'),
(611120067, 'นาย', 'วิวัฒน์', 'พุ่มถาวร', 'ปวส.2/1', 'การบัญชี'),
(611120068, 'นาย', 'มนัสชัย', 'รุ่งสุวรรณวงค์', 'ปวส.2/1', 'การบัญชี'),
(611120069, 'นางสาว', 'ชนิดา', 'นิ่มวุฒิกาญจน์', 'ปวส.2/1', 'การบัญชี'),
(611120070, 'นางสาว', 'สุชาดา', 'วรรณทอง', 'ปวส.2/2', 'การบัญชี'),
(611120071, 'นางสาว', 'แสงจันทร์', 'จันทร์โตศรี', 'ปวส.2/7', 'การท่องเที่ยว'),
(611120074, 'นาย', 'จรัญ', 'ศรีงาม', 'ปวส.2/5', 'คอมพิวเตอร์ธุรกิจ'),
(611120075, 'นาย', 'กิตติพงศ์', 'ปานทองมาก', 'ปวส.2/2', 'การบัญชี'),
(611120076, 'นางสาว', 'วิรัชรินทร์', 'สมประสงค์', 'ปวส.2/2', 'การบัญชี'),
(611120077, 'นางสาว', 'กรณิการ์', 'รูปสม', 'ปวส.2/2', 'การบัญชี'),
(611120078, 'นาย', 'ศรัณย์', 'ทวีวัฒน์', 'ปวส.2/4', 'การตลาด'),
(611120079, 'นาย', 'ณัฐชนน', 'เขาแก้ว', 'ปวส.2/1', 'การบัญชี'),
(611120080, 'นาย', 'ณัฐนัย', 'เจ็กตระกูล', 'ปวส.2/1', 'การบัญชี'),
(611120082, 'นางสาว', 'นาตาพร', 'ดอกสิงห์', 'ปวส.2/4', 'การตลาด'),
(611120083, 'นางสาว', 'ปิยะฉัตร', 'คำมูล', 'ปวส.2/1', 'การบัญชี'),
(611120084, 'นางสาว', 'ปิยะธิดา', 'คำมูล', 'ปวส.2/14', 'คอมพิวเตอร์กราฟิก'),
(611120085, 'นาย', 'ธนชัย', 'กาลรักษ์', 'ปวส.2/14', 'คอมพิวเตอร์กราฟิก'),
(611120086, 'นางสาว', 'จิตรลดา', 'แสงชัยภูมิ', 'ปวส.2/4', 'การตลาด'),
(611120087, 'นาย', 'ศิริวัฒน์', 'ภูรัตนกุล', 'ปวส.2/5', 'คอมพิวเตอร์ธุรกิจ'),
(611120088, 'นางสาว', 'ณัฐวรรณ', 'กันจะนะชุมาบูรพะ', 'ปวส.2/2', 'การบัญชี'),
(611120089, 'นางสาว', 'อริศา', 'หัสดี', 'ปวส.2/2', 'การบัญชี'),
(611120090, 'นางสาว', 'วราลี', 'แสงศรี', 'ปวส.2/7', 'การท่องเที่ยว'),
(611120093, 'นาย', 'ธนกฤต', 'แซ่หว่อง', 'ปวส.2/2', 'การบัญชี'),
(611120094, 'นางสาว', 'ภานุมาศ', 'รักษากลิ่น', 'ปวส.2/2', 'การบัญชี'),
(611120095, 'นางสาว', 'สิรีธร', 'สุขประเสริฐ', 'ปวส.2/2', 'การบัญชี'),
(611120096, 'นางสาว', 'ณัฐชา', 'โนทะนะ', 'ปวส.2/2', 'การบัญชี'),
(611120097, 'นางสาว', 'ศิริลักษณ์', 'สมพร', 'ปวส.2/2', 'การบัญชี'),
(611120098, 'นาย', 'นราธร', 'คำผา', 'ปวส.2/2', 'การบัญชี'),
(611120099, 'นางสาว', 'ปาริชาติ', 'หมู่ม่วง', 'ปวส.2/2', 'การบัญชี'),
(611120100, 'นาย', 'พงษ์ชัย', 'วัชวงศ์', 'ปวส.2/14', 'คอมพิวเตอร์กราฟิก'),
(611120103, 'นาย', 'พรต', 'จันทร์ศิลา', 'ปวส.2/2', 'การบัญชี'),
(611120104, 'นางสาว', 'นริศรา', 'วรรณบล', 'ปวส.2/2', 'การบัญชี'),
(611120105, 'นางสาว', 'สุธาสินี', 'ภูวัตเดชสกุล', 'ปวส.2/4', 'การตลาด'),
(611120106, 'นางสาว', 'อรกมล', 'สังข์แย้ม', 'ปวส.2/2', 'การบัญชี'),
(611120107, 'นาย', 'ทัศสยาม', 'โสไกร', 'ปวส.2/2', 'การบัญชี'),
(611120108, 'นาย', 'ทวีวัฒน์', 'ตระกูลเงินทอง', 'ปวส.2/14', 'คอมพิวเตอร์กราฟิก'),
(611120109, 'นาย', 'ภาสกร', 'ลงลา', 'ปวส.2/2', 'การบัญชี'),
(611120110, 'นางสาว', 'ไพลิน', 'ไชยพิมูล', 'ปวส.2/14', 'คอมพิวเตอร์กราฟิก'),
(611120113, 'นางสาว', 'จิราพร', 'ผดุงชาติ', 'ปวส.2/2', 'การบัญชี'),
(611120114, 'นาย', 'สุกฤษฏิ์', 'ปู่สา', 'ปวส.2/5', 'คอมพิวเตอร์ธุรกิจ'),
(611120116, 'นาย', 'ปิยะโชติ', 'ทองดำ', 'ปวส.2/7', 'การท่องเที่ยว'),
(611120117, 'นาย', 'พศวัต', 'คงกลั่น', 'ปวส.2/4', 'การตลาด'),
(611120119, 'นางสาว', 'นิภาวัณ', 'ด้วงสงค์', 'ปวส.2/7', 'การท่องเที่ยว'),
(611120120, 'นางสาว', 'ธนิตา', 'วชิราพิภพ', 'ปวส.2/7', 'การท่องเที่ยว'),
(611120121, 'นางสาว', 'ลลนา', 'พูลศรี', 'ปวส.2/2', 'การบัญชี'),
(611120122, 'นางสาว', 'ดุจฤดี', 'ระวิสะญา', 'ปวส.2/7', 'การท่องเที่ยว'),
(611120123, 'นาย', 'ปัญญากร', 'เขียวพันธ์', 'ปวส.2/7', 'การท่องเที่ยว'),
(611120125, 'นางสาว', 'วิภาพร', 'วิเศษชู', 'ปวส.2/2', 'การบัญชี'),
(611120127, 'นาย', 'เอกพันธ์', 'ตุ๊แสง', 'ปวส.2/2', 'การบัญชี'),
(611120128, 'นางสาว', 'จริยา', 'ยุรวงค์', 'ปวส.2/5', 'คอมพิวเตอร์ธุรกิจ'),
(611120129, 'นางสาว', 'เพชราพร', 'โพธิ์ชาธาร', 'ปวส.2/7', 'การท่องเที่ยว'),
(611120131, 'นางสาว', 'ศุภิสรา', 'กลัดเจริญ', 'ปวส.2/4', 'การตลาด'),
(611120132, 'นาย', 'จิรกิตติ์', 'บุญโชม', 'ปวส.2/2', 'การบัญชี'),
(611120133, 'นางสาว', 'พิราอร', 'ฉิมพลี', 'ปวส.2/2', 'การบัญชี'),
(611120134, 'นาย', 'ภาสกร', 'ต้นสำโรง', 'ปวส.2/2', 'การบัญชี'),
(611120135, 'นางสาว', 'นวนันท์', 'แก้วสดสี', 'ปวส.2/2', 'การบัญชี'),
(611120136, 'นาย', 'พัฒนเดช', 'ประดิษฐ์แสงรังษี', 'ปวส.2/14', 'คอมพิวเตอร์กราฟิก'),
(611120137, 'นางสาว', 'วิจิตรตา', 'เปียฟัก', 'ปวส.2/4', 'การตลาด'),
(611120138, 'นาย', 'ปิยะวุฒิ', 'คงโครัด', 'ปวส.2/4', 'การตลาด'),
(611120139, 'นาย', 'พัฒนพล', 'ใหญ่สมพงษ์', 'ปวส.2/14', 'คอมพิวเตอร์กราฟิก'),
(611120142, 'นาย', 'พงศกร', 'ลิขิตวงศ์มงคล', 'ปวส.2/14', 'คอมพิวเตอร์กราฟิก'),
(611120145, 'นางสาว', 'สโรชา', 'เมืองบ้านกวย', 'ปวส.2/2', 'การบัญชี'),
(611120146, 'นาย', 'โสภณัฐ', 'พรมวงศ์', 'ปวส.2/5', 'คอมพิวเตอร์ธุรกิจ'),
(611120150, 'นาย', 'ทินภัทร', 'สุดสาย', 'ปวส.2/5', 'คอมพิวเตอร์ธุรกิจ'),
(611120151, 'นาย', 'วิฑูรย์', 'บุญคำ', 'ปวส.2/4', 'การตลาด'),
(611120152, 'นางสาว', 'สุพัตรา', 'ดินขุนทด', 'ปวส.2/4', 'การตลาด'),
(611120153, 'นาย', 'วิศรุต', 'ติวสร้อย', 'ปวส.2/4', 'การตลาด'),
(611120154, 'นาย', 'พงษ์สิทธิ์', 'เหรียญทอง', 'ปวส.2/5', 'คอมพิวเตอร์ธุรกิจ'),
(611120156, 'นาย', 'ธนพล', 'เยี่ยมสาคร', 'ปวส.2/5', 'คอมพิวเตอร์ธุรกิจ'),
(611120157, 'นางสาว', 'ศิรประภา', 'พิสาชัย', 'ปวส.2/4', 'การตลาด'),
(611120158, 'นางสาว', 'สุภัสสรา', 'บัวขำ', 'ปวส.2/4', 'การตลาด'),
(611120159, 'นาย', 'ดนุพล', 'พะวะพินิจ', 'ปวส.2/2', 'การบัญชี'),
(611120160, 'นางสาว', 'โชติกา', 'คล้ายเดือน', 'ปวส.2/7', 'การท่องเที่ยว'),
(611120162, 'นาย', 'ศราวุฒิ', 'ธีรทวีสุข', 'ปวส.2/5', 'คอมพิวเตอร์ธุรกิจ'),
(611120163, 'นางสาว', 'ปิยะพร', 'ขันธรรม', 'ปวส.2/7', 'การท่องเที่ยว'),
(611120164, 'นาย', 'นัฏฒะวัณ', 'โนนทิง', 'ปวส.2/14', 'คอมพิวเตอร์กราฟิก'),
(611120165, 'นาย', 'สุภกร', 'ฉ่ำพงษ์', 'ปวส.2/14', 'คอมพิวเตอร์กราฟิก'),
(611120166, 'นาย', 'ยุคลธร', 'เศรษฐวัฒน์', 'ปวส.2/14', 'คอมพิวเตอร์กราฟิก'),
(611120167, 'นางสาว', 'เจนนิสา', 'แดงวิจิตร', 'ปวส.2/14', 'คอมพิวเตอร์กราฟิก'),
(611120168, 'นาย', 'สุริยันต์', 'จันทร์คำ', 'ปวส.2/14', 'คอมพิวเตอร์กราฟิก'),
(611120169, 'นาย', 'สุธางค์', 'บัวดี', 'ปวส.2/14', 'คอมพิวเตอร์กราฟิก'),
(611120170, 'นาย', 'พีรพล', 'เมินขุนทด', 'ปวส.2/14', 'คอมพิวเตอร์กราฟิก'),
(611120172, 'นาย', 'รณกร', 'เชื้ออินทร์', 'ปวส.2/14', 'คอมพิวเตอร์กราฟิก'),
(611120173, 'นาย', 'วริทธ์', 'ปยัตตกูล', 'ปวส.2/5', 'คอมพิวเตอร์ธุรกิจ'),
(611120174, 'นาย', 'ศตวรรษ', 'นาคชู', 'ปวส.2/14', 'คอมพิวเตอร์กราฟิก'),
(611120177, 'นาย', 'ณัฏฐชัย', 'จิรัสย์เดชกุลธร', 'ปวส.2/14', 'คอมพิวเตอร์กราฟิก'),
(611120178, 'นาย', 'จิรายุทธ', 'พีรานุวัฒน์', 'ปวส.2/5', 'คอมพิวเตอร์ธุรกิจ'),
(611120182, 'นาย', 'วุฒิโรจน์', 'เปรมปรี', 'ปวส.2/14', 'คอมพิวเตอร์กราฟิก'),
(611120183, 'นางสาว', 'กุลนันท์', 'ก้อนดินจี่', 'ปวส.2/4', 'การตลาด'),
(611120184, 'นาย', 'ณัฐดนัย', 'รัตนภักดี', 'ปวส.2/4', 'การตลาด'),
(611120187, 'นาย', 'ธนากร', 'มาลยมณฑล', 'ปวส.2/5', 'คอมพิวเตอร์ธุรกิจ'),
(611120189, 'นาย', 'สิรวิชญ์', 'กิจไพบูลย์เกษม', 'ปวส.2/2', 'การบัญชี'),
(611120190, 'นาย', 'เกียรติศักดิ์', 'พัดทาบ', 'ปวส.2/2', 'การบัญชี'),
(611120191, 'นาย', 'รชต', 'ปวงนิยม', 'ปวส.2/2', 'การบัญชี'),
(611120194, 'นางสาว', 'ธัญพิมล', 'เกาเล็ก', 'ปวส.2/2', 'การบัญชี'),
(611120195, 'นาย', 'ปิยวัฒน์', 'ชัยเฉลิมศักดิ์', 'ปวส.2/14', 'คอมพิวเตอร์กราฟิก'),
(611120196, 'นางสาว', 'กฤติกา', 'เฉลิมเล่า', 'ปวส.2/5', 'คอมพิวเตอร์ธุรกิจ'),
(611120198, 'นาย', 'นิรวิทธิ์', 'เคนกุดรัง', 'ปวส.2/14', 'คอมพิวเตอร์กราฟิก'),
(611120199, 'นาย', 'ธนพล', 'วังสุโพธิ์', 'ปวส.2/14', 'คอมพิวเตอร์กราฟิก'),
(611120200, 'นาย', 'บัณฑิต', 'จิตมานนท์', 'ปวส.2/14', 'คอมพิวเตอร์กราฟิก'),
(611120201, 'นางสาว', 'กุลสตรี', 'รินทรัก', 'ปวส.2/2', 'การบัญชี'),
(611120202, 'นาย', 'ชญานนท์', 'จีระประยูร', 'ปวส.2/5', 'คอมพิวเตอร์ธุรกิจ'),
(611120203, 'นาย', 'จตุพร', 'วัฒนวรางกูร', 'ปวส.2/14', 'คอมพิวเตอร์กราฟิก'),
(611120204, 'นาย', 'อนุวัฒน์', 'คำแก้ว', 'ปวส.2/14', 'คอมพิวเตอร์กราฟิก'),
(611120206, 'นางสาว', 'ณัฐนี', 'ยิ้มชื่น', 'ปวส.2/2', 'การบัญชี'),
(611120207, 'นางสาว', 'นาฎนภา', 'วาจาชอบ', 'ปวส.2/1', 'การบัญชี'),
(611120208, 'นาย', 'โอม', 'วารีอุดม', 'ปวส.2/1', 'การบัญชี'),
(611120210, 'นาย', 'วัฒนชัย', 'แก้วใจ', 'ปวส.2/14', 'คอมพิวเตอร์กราฟิก'),
(611120212, 'นาย', 'พงศ์ภัค', 'ศิลปสมบูรณ์', 'ปวส.2/14', 'คอมพิวเตอร์กราฟิก'),
(611120214, 'นางสาว', 'เบญญาทิพย์', 'การประกอบ', 'ปวส.2/1', 'การบัญชี'),
(611120215, 'นางสาว', 'มนทกานต์', 'หัสเกิด', 'ปวส.2/7', 'การท่องเที่ยว'),
(611120216, 'นาย', 'ยศพนธ์', 'มาระศรี', 'ปวส.2/5', 'คอมพิวเตอร์ธุรกิจ'),
(611120217, 'นางสาว', 'ปภัสสร', 'นาคพุก', 'ปวส.2/1', 'การบัญชี'),
(611120219, 'นาย', 'ฉัตรมงคล', 'ศรีจรัส', 'ปวส.2/14', 'คอมพิวเตอร์กราฟิก'),
(611120220, 'นาย', 'กฤษณะศักดิ์', 'แสงประเสริฐพร', 'ปวส.2/5', 'คอมพิวเตอร์ธุรกิจ'),
(611120221, 'นาย', 'บูรณ์พิภพ', 'จันทรสาขา', 'ปวส.2/5', 'คอมพิวเตอร์ธุรกิจ'),
(611120223, 'นางสาว', 'ชลิตา', 'อามาตย์', 'ปวส.2/2', 'การบัญชี'),
(611120224, 'นาย', 'อาทิตย์', 'เล้าพานิชวัฒนา', 'ปวส.2/14', 'คอมพิวเตอร์กราฟิก'),
(611120229, 'นาย', 'ภัทรพล', 'หิตะศิริ', 'ปวส.2/14', 'คอมพิวเตอร์กราฟิก'),
(611120233, 'นางสาว', 'ทิพวรรณ', 'ช่างเหลา', 'ปวส.2/5', 'คอมพิวเตอร์ธุรกิจ'),
(611120234, 'นาย', 'สิทธิโชค', 'จังสมยา', 'ปวส.2/2', 'การบัญชี'),
(611120236, 'นางสาว', 'ภัทราพร', 'ถินแพ', 'ปวส.2/4', 'การตลาด'),
(611120237, 'นางสาว', 'ศุภรัตน์', 'ทาพรมมา', 'ปวส.2/7', 'การท่องเที่ยว'),
(611120238, 'นางสาว', 'กมลลักษณ์', 'มณีโชติ', 'ปวส.2/1', 'การบัญชี'),
(611120239, 'นาย', 'พัชรพล', 'วิลัย', 'ปวส.2/1', 'การบัญชี'),
(611120242, 'นางสาว', 'ณัฐศิมา', 'เพ็ชรอยู่', 'ปวส.2/1', 'การบัญชี'),
(611120243, 'นาย', 'สนธยา', 'พร้อมประเสริฐ', 'ปวส.2/7', 'การท่องเที่ยว'),
(611120244, 'นางสาว', 'ลักษณาวดี', 'แช่มสาคร', 'ปวส.2/4', 'การตลาด'),
(611120245, 'นางสาว', 'กาญจมาส', 'กลิ่นสุบรรณ์', 'ปวส.2/1', 'การบัญชี'),
(611120247, 'นาย', 'ทศพร', 'ทอนสายละ', 'ปวส.2/5', 'คอมพิวเตอร์ธุรกิจ'),
(611120248, 'นาย', 'ธนากร', 'พลมีเดช', 'ปวส.2/5', 'คอมพิวเตอร์ธุรกิจ'),
(611120249, 'นาย', 'อดิศร', 'ขาวจตุพร', 'ปวส.2/5', 'คอมพิวเตอร์ธุรกิจ'),
(611120250, 'นางสาว', 'อำคำ', 'ตาจุ้ม', 'ปวส.2/2', 'การบัญชี'),
(611120257, 'นางสาว', 'จารีญา', 'ภู่เกิด', 'ปวส.2/7', 'การท่องเที่ยว'),
(611120258, 'นางสาว', 'กมลรัตน์', 'มีสุข', 'ปวส.2/2', 'การบัญชี'),
(611120259, 'นางสาว', 'มุกดา', 'พงษ์หนู', 'ปวส.2/2', 'การบัญชี'),
(611120260, 'นาย', 'ธนวัฒน์', 'ดำรงศักดิ์ตระกูล', 'ปวส.2/1', 'การบัญชี'),
(611120262, 'นางสาว', 'ช่อผกา', 'หงษ์ทองมี', 'ปวส.2/5', 'คอมพิวเตอร์ธุรกิจ'),
(611120264, 'นาย', 'ณัฏฐชัย', 'ง่วนโฮ้ว', 'ปวส.2/4', 'การตลาด'),
(611120265, 'นางสาว', 'สุพัตรา', 'ไชยโยธา', 'ปวส.2/7', 'การท่องเที่ยว'),
(611120266, 'นางสาว', 'นฤมล', 'ไชยเทพ', 'ปวส.2/7', 'การท่องเที่ยว'),
(611120267, 'นางสาว', 'ชนากานต์', 'หมวดจันทร์', 'ปวส.2/2', 'การบัญชี'),
(611120268, 'นาย', 'นวัต', 'ศรีสุข', 'ปวส.2/14', 'คอมพิวเตอร์กราฟิก'),
(611120269, 'นางสาว', 'ธนิสร', 'วิวาสุข', 'ปวส.2/1', 'การบัญชี'),
(611120270, 'นาย', 'นพกร', 'เกิดลมูล', 'ปวส.2/7', 'การท่องเที่ยว'),
(611120276, 'นาย', 'ภัทรธร', 'บูรัชฏะ', 'ปวส.2/14', 'คอมพิวเตอร์กราฟิก'),
(611120277, 'นางสาว', 'อทิตยา', 'ผดาวัลย์', 'ปวส.2/5', 'คอมพิวเตอร์ธุรกิจ'),
(611120279, 'นาย', 'พงศธร', 'สร้อยมณี', 'ปวส.2/1', 'การบัญชี'),
(611120281, 'นาย', 'อัษฎาวุธ', 'ศรีสิทธิสกุล', 'ปวส.2/7', 'การท่องเที่ยว'),
(611120282, 'นาย', 'ปิยะพันธ์', 'ริยาพันธ์', 'ปวส.2/5', 'คอมพิวเตอร์ธุรกิจ'),
(611120285, 'นางสาว', 'พรชิตา', 'น้ำใสหิน', 'ปวส.2/1', 'การบัญชี'),
(611120286, 'นาย', 'กันต์ศักดิ์', 'ดวงแก้ว', 'ปวส.2/7', 'การท่องเที่ยว'),
(611120287, 'นาย', 'กฤษณะ', 'แข่งขัน', 'ปวส.2/14', 'คอมพิวเตอร์กราฟิก'),
(611120288, 'นาย', 'คุณากร', 'ยิ้มถิน', 'ปวส.2/4', 'การตลาด'),
(611120289, 'นางสาว', 'รัชนีกรณ์', 'คล้ายสุบรรณ์', 'ปวส.2/4', 'การตลาด'),
(611120292, 'นาย', 'ธงชัย', 'รถทอง', 'ปวส.2/7', 'การท่องเที่ยว'),
(611120293, 'นาย', 'ปณัฐ', 'พุฒเนียม', 'ปวส.2/2', 'การบัญชี'),
(611120294, 'นางสาว', 'นิรมล', 'วัดทอง', 'ปวส.2/1', 'การบัญชี'),
(611120295, 'นางสาว', 'กุลณัฐ', 'ครองชื่น', 'ปวส.2/1', 'การบัญชี'),
(611120296, 'นาย', 'นิติภูมิ', 'จูมณีย์', 'ปวส.2/4', 'การตลาด'),
(611120297, 'นางสาว', 'สรีรัตน์', 'เกตุทอง', 'ปวส.2/4', 'การตลาด'),
(611120298, 'นาย', 'นาวิน', 'แจ่มพุ่ม', 'ปวส.2/5', 'คอมพิวเตอร์ธุรกิจ'),
(611120299, 'นาย', 'สิรวิชญ์', 'ชัยสิริวุฒิ', 'ปวส.2/4', 'การตลาด'),
(611120301, 'นางสาว', 'จารุวรรณ', 'วรวิเศษ', 'ปวส.2/7', 'การท่องเที่ยว'),
(611120302, 'นาย', 'ศุภกิจ', 'ตรุษเจริญ', 'ปวส.2/1', 'การบัญชี'),
(611120304, 'นาย', 'นำพล', 'ภาติกะบุตร', 'ปวส.2/5', 'คอมพิวเตอร์ธุรกิจ'),
(611120305, 'นาย', 'นันทวัฒน์', 'โพธิ์สวรรค์', 'ปวส.2/5', 'คอมพิวเตอร์ธุรกิจ'),
(611120306, 'นาย', 'ทัศนัย', 'บุญศรี', 'ปวส.2/14', 'คอมพิวเตอร์กราฟิก'),
(611120307, 'นางสาว', 'เสาวณีย์', 'เอี่ยมสะอาด', 'ปวส.2/1', 'การบัญชี'),
(611120308, 'นางสาว', 'กมลเนตร', 'บุญถึก', 'ปวส.2/14', 'คอมพิวเตอร์กราฟิก'),
(611120309, 'นางสาว', 'อาทิตยา', 'คำบุญเรือง', 'ปวส.2/7', 'การท่องเที่ยว'),
(611120310, 'นาย', 'กิตติทัต', 'อยู่ทอง', 'ปวส.2/14', 'คอมพิวเตอร์กราฟิก'),
(611120311, 'นาย', 'รติพงษ์', 'วงษ์บ้านขาว', 'ปวส.2/5', 'คอมพิวเตอร์ธุรกิจ'),
(611120312, 'นางสาว', 'ศิริวรรณ', 'ตรวจมรรคา', 'ปวส.2/1', 'การบัญชี'),
(611120314, 'นาย', 'เกียรติศักดิ์', 'พร้อมจิตร', 'ปวส.2/5', 'คอมพิวเตอร์ธุรกิจ'),
(611120315, 'นาย', 'นเรศ', 'ภูมิวุฒิสุนทร', 'ปวส.2/5', 'คอมพิวเตอร์ธุรกิจ'),
(611120325, 'นาย', 'ศุภกร', 'สุดสวยสด', 'ปวส.2/5', 'คอมพิวเตอร์ธุรกิจ'),
(611120326, 'นางสาว', 'เมิง', 'ตาใส่', 'ปวส.2/1', 'การบัญชี'),
(611120327, 'นางสาว', 'วนิดา', 'สุปัญญาโชติสกุล', 'ปวส.2/1', 'การบัญชี'),
(611120332, 'นางสาว', 'สิริกมล', 'คงนะ', 'ปวส.2/7', 'การท่องเที่ยว'),
(611120340, 'นาย', 'ณัฐวี', 'ศรีขัดเค้า', 'ปวส.2/4', 'การตลาด'),
(611120343, 'นางสาว', 'สโรชา', 'มาลาวงศ์', 'ปวส.2/4', 'การตลาด'),
(611120344, 'นาย', 'พงศกร', 'ลีบาง', 'ปวส.2/5', 'คอมพิวเตอร์ธุรกิจ'),
(611120345, 'นางสาว', 'สิริวรรณ', 'กลิ่นมา', 'ปวส.2/7', 'การท่องเที่ยว'),
(611120346, 'นางสาว', 'เมธาพร', 'มาสอาด', 'ปวส.2/2', 'การบัญชี'),
(611120352, 'นาย', 'อภิวัน', 'นันตะโลหิต', 'ปวส.2/7', 'การท่องเที่ยว'),
(611120358, 'นาย', 'ฐิติ', 'โทนทำนุ', 'ปวส.2/5', 'คอมพิวเตอร์ธุรกิจ'),
(611120360, 'นาย', 'เฉลิมพร', 'กุลธราธเนศสิริ', 'ปวส.2/5', 'คอมพิวเตอร์ธุรกิจ'),
(611120364, 'นาย', 'วชรกรณ์', 'ลพทองคำ', 'ปวส.2/4', 'การตลาด'),
(611120366, 'นาย', 'ฐิติพันธ์', 'มณีกิตติฉายกุล', 'ปวส.2/5', 'คอมพิวเตอร์ธุรกิจ'),
(611120369, 'นาย', 'เกียรติศักดิ์', 'ทองมัง', 'ปวส.2/4', 'การตลาด'),
(611120371, 'นาย', 'สุรชัย', 'สีครซ้าย', 'ปวส.2/4', 'การตลาด'),
(611120372, 'นาย', 'ธีรภัทร์', 'เฟื่องฟุ้ง', 'ปวส.2/4', 'การตลาด'),
(611120379, 'นาย', 'ศิริชัย', 'คำกองแก้ว', 'ปวส.2/4', 'การตลาด'),
(611120380, 'นางสาว', 'วฤดา', 'ทิศนอก', 'ปวส.2/2', 'การบัญชี'),
(611120381, 'นางสาว', 'วรัญญา', 'ทิศนอก', 'ปวส.2/2', 'การบัญชี'),
(611130003, 'นาย', 'สุพจน์', 'เที่ยงธรรม', 'ปวส.2/16', 'เทคโนโลยีสารสนเทศ'),
(611130007, 'นาย', 'อาทิตย์', 'ขำเนินเพิ่ม', 'ปวส.2/16', 'เทคโนโลยีสารสนเทศ'),
(611130009, 'นาย', 'วรพล', 'พูลสวัสดิ์', 'ปวส.2/16', 'เทคโนโลยีสารสนเทศ'),
(611130010, 'นางสาว', 'ชลธิชา', 'มั่งคั่ง', 'ปวส.2/16', 'เทคโนโลยีสารสนเทศ'),
(611130011, 'นางสาว', 'วรางคณา', 'ฉายยิ่งเชี่ยว', 'ปวส.2/16', 'เทคโนโลยีสารสนเทศ'),
(611130012, 'นาย', 'ชยุตพงศ์', 'ศุภวิมุติ', 'ปวส.2/16', 'เทคโนโลยีสารสนเทศ'),
(611130013, 'นาย', 'ณัฐนนท์', 'ฟักเอี้ยง', 'ปวส.2/16', 'เทคโนโลยีสารสนเทศ'),
(611130017, 'นาย', 'ราชสิทธิ์', 'ทัฬหกรณ์', 'ปวส.2/16', 'เทคโนโลยีสารสนเทศ'),
(611130019, 'นาย', 'ทักษิณ', 'อรุณการ', 'ปวส.2/16', 'เทคโนโลยีสารสนเทศ'),
(611130020, 'นาย', 'ธนพล', 'ไชยหงษา', 'ปวส.2/16', 'เทคโนโลยีสารสนเทศ'),
(611130022, 'นาย', 'เวชพิสิฐ', 'สุรินทร์', 'ปวส.2/16', 'เทคโนโลยีสารสนเทศ'),
(611130024, 'นาย', 'นราดล', 'นุชขำ', 'ปวส.2/16', 'เทคโนโลยีสารสนเทศ'),
(611130030, 'นางสาว', 'กฤติยาภรณ์', 'เปรมศรี', 'ปวส.2/12', 'การท่องเที่ยว'),
(611130040, 'นางสาว', 'ปิยะดา', 'ขาวอ่อน', 'ปวส.2/12', 'การท่องเที่ยว'),
(611130043, 'นาย', 'ภัทรพล', 'เรืองสุรเชษฐ', 'ปวส.2/16', 'เทคโนโลยีสารสนเทศ'),
(611130045, 'นางสาว', 'สิริมาส', 'ลอยฟู', 'ปวส.2/12', 'การท่องเที่ยว'),
(611130046, 'นางสาว', 'ฐาธิตา', 'วังกุ่ม', 'ปวส.2/9', 'การตลาด'),
(611130053, 'นาย', 'วศิน', 'สุขีภาพ', 'ปวส.2/16', 'เทคโนโลยีสารสนเทศ'),
(611130056, 'นาย', 'ณัฐวัฒน์', 'ทองปิ่น', 'ปวส.2/15', 'คอมพิวเตอร์กราฟิก'),
(611130057, 'นางสาว', 'บุษยรัตน์', 'สมพงษ์', 'ปวส.2/9', 'การตลาด'),
(611130058, 'นางสาว', 'อโรชา', 'ทองอุ่น', 'ปวส.2/9', 'การตลาด'),
(611130060, 'นาย', 'จิรภัทร', 'พึ่งอวยผล', 'ปวส.2/16', 'เทคโนโลยีสารสนเทศ'),
(611130063, 'นาย', 'พันชัย', 'เอกอำพล', 'ปวส.2/16', 'เทคโนโลยีสารสนเทศ'),
(611130064, 'นาย', 'จิรพัฒน์', 'ปักษาสุข', 'ปวส.2/16', 'เทคโนโลยีสารสนเทศ'),
(611130065, 'นาย', 'พรเทพ', 'เริกเจริญ', 'ปวส.2/16', 'เทคโนโลยีสารสนเทศ'),
(611130067, 'นาย', 'เกียรติศักดิ์', 'สารินทร์', 'ปวส.2/15', 'คอมพิวเตอร์กราฟิก'),
(611130070, 'นางสาว', 'มินฐิตา', 'ฤทธิ์จรูญ', 'ปวส.2/9', 'การตลาด'),
(611130074, 'นาย', 'นรากรณ์', 'เสือเพ็ชร์', 'ปวส.2/16', 'เทคโนโลยีสารสนเทศ'),
(611130076, 'นาย', 'ตะวัน', 'ปานนิล', 'ปวส.2/10', 'คอมพิวเตอร์ธุรกิจ'),
(611130077, 'นาย', 'สุธาธรรม', 'เจริญไข', 'ปวส.2/16', 'เทคโนโลยีสารสนเทศ'),
(611130078, 'นางสาว', 'นิรฌา', 'ฉิมชูกุล', 'ปวส.2/16', 'เทคโนโลยีสารสนเทศ'),
(611130079, 'นาย', 'นภสินธุ์', 'สมสะอาด', 'ปวส.2/16', 'เทคโนโลยีสารสนเทศ'),
(611130080, 'นางสาว', 'กฤติยาณี', 'กลิ่นอุดม', 'ปวส.2/10', 'คอมพิวเตอร์ธุรกิจ'),
(611130086, 'นาย', 'ศรเทพ', 'รอดเรืองฤทธิ์', 'ปวส.2/16', 'เทคโนโลยีสารสนเทศ'),
(611130087, 'นาย', 'จิรโชติ', 'คงเทพ', 'ปวส.2/16', 'เทคโนโลยีสารสนเทศ'),
(611130088, 'นาย', 'ณัฐพล', 'วัฒนมงคลพงศ์', 'ปวส.2/9', 'การตลาด'),
(611130089, 'นาย', 'ณัฐศรุต', 'แซ่ลิ้ม', 'ปวส.2/16', 'เทคโนโลยีสารสนเทศ'),
(611130090, 'นาย', 'อภิรักษ์', 'ฉายดำรงค์', 'ปวส.2/16', 'เทคโนโลยีสารสนเทศ'),
(611130094, 'นาย', 'ธนกฤต', 'สมบูรณ์', 'ปวส.2/16', 'เทคโนโลยีสารสนเทศ'),
(611130099, 'นาย', 'องศา', 'จรเจริญ', 'ปวส.2/10', 'คอมพิวเตอร์ธุรกิจ'),
(611130100, 'นาย', 'ภาคภูมิ', 'ไพรบึง', 'ปวส.2/16', 'เทคโนโลยีสารสนเทศ'),
(611130105, 'นางสาว', 'จิราวรรณ', 'พงษ์ทะวงค์', 'ปวส.2/12', 'การท่องเที่ยว'),
(611130106, 'นางสาว', 'ปณิดา', 'อภิพงษ์', 'ปวส.2/9', 'การตลาด'),
(611130113, 'นาย', 'ธันยพร', 'เดชรักษา', 'ปวส.2/16', 'เทคโนโลยีสารสนเทศ'),
(611130119, 'นาย', 'คุณากร', 'สมศรีอักษรแสง', 'ปวส.2/16', 'เทคโนโลยีสารสนเทศ'),
(611130121, 'นางสาว', 'กุลธิดา', 'ทากุ', 'ปวส.2/9', 'การตลาด'),
(611130123, 'นาย', 'สุภาพ', 'คงจรูญ', 'ปวส.2/16', 'เทคโนโลยีสารสนเทศ'),
(611130125, 'นางสาว', 'รัตนา', 'แสงโพธิ์ดา', 'ปวส.2/10', 'คอมพิวเตอร์ธุรกิจ'),
(611130126, 'นาย', 'เตชะภูมิ', 'มุ่งเจริญ', 'ปวส.2/16', 'เทคโนโลยีสารสนเทศ'),
(611130137, 'นางสาว', 'ชุลีพร', 'เอกพลจิตต์', 'ปวส.2/8', 'การบัญชี'),
(611130141, 'นาย', 'ชรัตน์', 'สิโตทัย', 'ปวส.2/16', 'เทคโนโลยีสารสนเทศ'),
(611130147, 'นางสาว', 'เบญจวรรณ', 'สัตย์ซื่อ', 'ปวส.2/12', 'การท่องเที่ยว'),
(611130153, 'นางสาว', 'น้ำฝน', 'อ้ายเเสง', 'ปวส.2/8', 'การบัญชี'),
(611130160, 'นาย', 'ชัยวัฒน์', 'คนภู', 'ปวส.2/9', 'การตลาด'),
(611130168, 'นาย', 'ปวริศ', 'ประพฤติธรรม', 'ปวส.2/9', 'การตลาด'),
(611130175, 'นาย', 'ศรัณยู', 'ช่วงวิเชียร', 'ปวส.2/15', 'คอมพิวเตอร์กราฟิก'),
(611130185, 'นาย', 'ธรรมวงค์', 'อุทัยนิตย์', 'ปวส.2/16', 'เทคโนโลยีสารสนเทศ'),
(611130189, 'นางสาว', 'ศิริลักษณ์', 'ชมพูบุตร', 'ปวส.2/10', 'คอมพิวเตอร์ธุรกิจ'),
(611130198, 'นาย', 'นราวิชญ์', 'หาญมนต์สุข', 'ปวส.2/9', 'การตลาด'),
(611130208, 'นาย', 'สินศธรณ์', 'รุ่งเรืองแสงปิ่น', 'ปวส.2/16', 'เทคโนโลยีสารสนเทศ'),
(611130209, 'นาย', 'อำพล', 'พิมพ์ภูงา', 'ปวส.2/16', 'เทคโนโลยีสารสนเทศ'),
(611130211, 'นาย', 'ปฐมพงษ์', 'บุญแช่มคง', 'ปวส.2/10', 'คอมพิวเตอร์ธุรกิจ'),
(611130212, 'นางสาว', 'ศุภวรรณ', 'ฟองอนันตรัตน์', 'ปวส.2/9', 'การตลาด'),
(611130219, 'นางสาว', 'แพรพลอย', 'จันทร์รุ่งสกุล', 'ปวส.2/10', 'คอมพิวเตอร์ธุรกิจ'),
(611130220, 'นาย', 'วัยวัฒน์', 'ศักดิ์เกษมโสภณ', 'ปวส.2/15', 'คอมพิวเตอร์กราฟิก'),
(611130264, 'นาย', 'กรกฤต', 'พรหมประสิทธิ์', 'ปวส.2/9', 'การตลาด'),
(611332005, 'นาย', 'จิรายุ', 'บัวกลาง', 'ปวส.2/5', 'คอมพิวเตอร์ธุรกิจ'),
(612120004, 'นางสาว', 'ประกายกาญ', 'กลมกล่อม', 'ปวส.2/4', 'การตลาด'),
(612120005, 'นาย', 'สรศักดิ์', 'แสนสีละ', 'ปวส.2/1', 'การบัญชี'),
(621110001, 'นาย', 'ภูริภัทร์', 'กองตาพันธุ์', 'ปวช.1/4', 'พณิชยการ'),
(621110002, 'นาย', 'ปัถย์', 'ลีฬหาศักดิ์', 'ปวช.1/14', 'คอมพิวเตอร์กราฟิก'),
(621110003, 'นาย', 'สธน', 'ชนกศรีธร', 'ปวช.1/13', 'คอมพิวเตอร์กราฟิก'),
(621110006, 'นางสาว', 'มินตรา', 'เติมชัยโรจน์', 'ปวช.1/1', 'พณิชยการ'),
(621110007, 'นาย', 'ปิยังกูร', 'ศรีสมาจาร', 'ปวช.1/15', 'คอมพิวเตอร์กราฟิก'),
(621110008, 'นางสาว', 'นฤมล', 'มีฉิม', 'ปวช.1/1', 'พณิชยการ'),
(621110009, 'นางสาว', 'ปรินดา', 'ด้านเนาลา', 'ปวช.1/1', 'พณิชยการ'),
(621110010, 'นาย', 'ธราธร', 'หลวงสมบัติ', 'ปวช.1/15', 'คอมพิวเตอร์กราฟิก'),
(621110011, 'นางสาว', 'ณิษาถ์', 'เอ๊ยศิริ', 'ปวช.1/5', 'พณิชยการ'),
(621110012, 'นางสาว', 'สุรีรัตน์', 'เฮ้งไพบูลย์', 'ปวช.1/11', 'การท่องเที่ยว'),
(621110013, 'นางสาว', 'เปรมฤทัย', 'อยู่มั่น', 'ปวช.1/1', 'พณิชยการ'),
(621110014, 'นางสาว', 'อินทิรา', 'สวัสดิชัย', 'ปวช.1/4', 'พณิชยการ'),
(621110016, 'นาย', 'วุฒิไกร', 'ซุยคง', 'ปวช.1/14', 'คอมพิวเตอร์กราฟิก'),
(621110018, 'นางสาว', 'เมทรินทร์', 'มุ่งดี', 'ปวช.1/2', 'พณิชยการ'),
(621110019, 'นางสาว', 'ญาณสิริ', 'ทองดีนอก', 'ปวช.1/2', 'พณิชยการ'),
(621110020, 'นางสาว', 'ธิดารัตน์', 'ไกรดำ', 'ปวช.1/2', 'พณิชยการ'),
(621110023, 'นาย', 'ธิติวุฒิ', 'ตันติวัฒนกุลชัย', 'ปวช.1/17', 'การโรงแรม'),
(621110025, 'นาย', 'อรรถวิท', 'อรรถโกมล', 'ปวช.1/13', 'คอมพิวเตอร์กราฟิก'),
(621110026, 'นาย', 'เบญจพล', 'เมธีศักดิ์', 'ปวช.1/17', 'การโรงแรม'),
(621110027, 'นาย', 'ชัยนนท์', 'เสาวพัฒน์', 'ปวช.1/15', 'คอมพิวเตอร์กราฟิก'),
(621110028, 'นางสาว', 'กชพร', 'เกี่ยวคุ้มภัย', 'ปวช.1/2', 'พณิชยการ'),
(621110030, 'นาย', 'จรูญโรจน์', 'เส็มทอง', 'ปวช.1/17', 'การโรงแรม'),
(621110031, 'นางสาว', 'ภาวิณี', 'โตยิ่ง', 'ปวช.1/3', 'พณิชยการ'),
(621110032, 'นางสาว', 'พนิดา', 'เสาสำราญ', 'ปวช.1/4', 'พณิชยการ'),
(621110033, 'นางสาว', 'กมลชนก', 'มากกลิ่น', 'ปวช.1/2', 'พณิชยการ'),
(621110034, 'นางสาว', 'ณิชกานต์', 'สถานพงษ์', 'ปวช.1/2', 'พณิชยการ'),
(621110035, 'นาย', 'ภราดร', 'สาลีเพ็ง', 'ปวช.1/15', 'คอมพิวเตอร์กราฟิก'),
(621110036, 'นาย', 'ภูวนาถ', 'ล้อมวงษ์', 'ปวช.1/3', 'พณิชยการ'),
(621110037, 'นาย', 'อดิศักดิ์', 'มีฉิม', 'ปวช.1/15', 'คอมพิวเตอร์กราฟิก'),
(621110038, 'นาย', 'รัชชานนท์', 'คำมี', 'ปวช.1/15', 'คอมพิวเตอร์กราฟิก'),
(621110039, 'นาย', 'นครินทร์', 'บินหะยีกาลิม', 'ปวช.1/5', 'พณิชยการ');
INSERT INTO `student` (`std_id`, `std_tname`, `std_fname`, `std_lname`, `std_class`, `std_depart`) VALUES
(621110040, 'นาย', 'ณัฐดนัย', 'วงษ์กล่ำ', 'ปวช.1/4', 'พณิชยการ'),
(621110041, 'นาย', 'สุรวุฒิ', 'โยโพธิ์', 'ปวช.1/4', 'พณิชยการ'),
(621110042, 'นาย', 'กรกวิน', 'สุกัณฑ์', 'ปวช.1/9', 'เทคโนโลยีสารสนเทศ'),
(621110043, 'นาย', 'ศุภเสกข์', 'เมืองลี', 'ปวช.1/17', 'การโรงแรม'),
(621110044, 'นาย', 'นุกูล', 'สีเชียงสา', 'ปวช.1/11', 'การท่องเที่ยว'),
(621110045, 'นางสาว', 'ศศิธร', 'เอี่ยมสาย', 'ปวช.1/11', 'การท่องเที่ยว'),
(621110046, 'นางสาว', 'จันทร์จิรา', 'รอดพันธ์', 'ปวช.1/6', 'พณิชยการ'),
(621110047, 'นางสาว', 'กัญญารัตน์', 'แสงทอง', 'ปวช.1/4', 'พณิชยการ'),
(621110048, 'นางสาว', 'กุลสตรี', 'รูปสม', 'ปวช.1/1', 'พณิชยการ'),
(621110049, 'นาย', 'ณาธร', 'แย้มพยุง', 'ปวช.1/13', 'คอมพิวเตอร์กราฟิก'),
(621110050, 'นางสาว', 'ชญาธิป', 'ด้วงปั้น', 'ปวช.1/17', 'การโรงแรม'),
(621110051, 'นาย', 'ปาราเมศ', 'บุญลือ', 'ปวช.1/1', 'พณิชยการ'),
(621110052, 'นาย', 'ภัทรพล', 'ยิ่งชล', 'ปวช.1/14', 'คอมพิวเตอร์กราฟิก'),
(621110053, 'นาย', 'วรวุฒิ', 'ลีทอง', 'ปวช.1/14', 'คอมพิวเตอร์กราฟิก'),
(621110054, 'นางสาว', 'ปวีณ์นุช', 'เหล่าลาภะ', 'ปวช.1/5', 'พณิชยการ'),
(621110055, 'นางสาว', 'ซ้อน', 'ตาวงค์', 'ปวช.1/1', 'พณิชยการ'),
(621110058, 'นางสาว', 'ชนิกา', 'ตะยะแซด', 'ปวช.1/5', 'พณิชยการ'),
(621110059, 'นางสาว', 'มณีรนุช', 'ตาคำรุ้ง', 'ปวช.1/1', 'พณิชยการ'),
(621110060, 'นาย', 'ธไนศวรรย์', 'เพ็งสุข', 'ปวช.1/1', 'พณิชยการ'),
(621110061, 'นาย', 'สันติสุข', 'ตาหง', 'ปวช.1/17', 'การโรงแรม'),
(621110062, 'นาย', 'ธีรพงศ์', 'แปงไธสง', 'ปวช.1/14', 'คอมพิวเตอร์กราฟิก'),
(621110063, 'นางสาว', 'น้ำทิพย์', 'จาดเจริญ', 'ปวช.1/11', 'การท่องเที่ยว'),
(621110066, 'นาย', 'วินัย', 'แซ่อุ่น', 'ปวช.1/14', 'คอมพิวเตอร์กราฟิก'),
(621110070, 'นางสาว', 'สุกัญญา', 'บุญตรี', 'ปวช.1/5', 'พณิชยการ'),
(621110071, 'นางสาว', 'ภัณทิรา', 'สุวรรณเกาะ', 'ปวช.1/17', 'การโรงแรม'),
(621110072, 'นาย', 'อภิวัฒน์', 'พิเดช', 'ปวช.1/15', 'คอมพิวเตอร์กราฟิก'),
(621110073, 'นาย', 'จิณณวัตร', 'สีหาราช', 'ปวช.1/15', 'คอมพิวเตอร์กราฟิก'),
(621110075, 'นางสาว', 'สิราภรณ์', 'ปู่เปี่ยมช้าง', 'ปวช.1/1', 'พณิชยการ'),
(621110076, 'นางสาว', 'กัญญาภัค', 'ศิลาเลิศ', 'ปวช.1/11', 'การท่องเที่ยว'),
(621110077, 'นางสาว', 'สร้อยฟ้า', 'ตาสาย', 'ปวช.1/11', 'การท่องเที่ยว'),
(621110078, 'นาย', 'ธนภูมิ', 'ขุนเมือง', 'ปวช.1/14', 'คอมพิวเตอร์กราฟิก'),
(621110080, 'นาย', 'ศิวกร', 'เทศเงิน', 'ปวช.1/13', 'คอมพิวเตอร์กราฟิก'),
(621110081, 'นางสาว', 'ปณิชา', 'พระสียา', 'ปวช.1/14', 'คอมพิวเตอร์กราฟิก'),
(621110082, 'นาย', 'ภัทรพล', 'น้อยศรีมุม', 'ปวช.1/3', 'พณิชยการ'),
(621110083, 'นาย', 'จิรายุส', 'จังสมยา', 'ปวช.1/13', 'คอมพิวเตอร์กราฟิก'),
(621110084, 'นาย', 'ธนาทร', 'อาสา', 'ปวช.1/2', 'พณิชยการ'),
(621110087, 'นางสาว', 'ศศิวรรณ', 'อุลิตประโคน', 'ปวช.1/4', 'พณิชยการ'),
(621110088, 'นาย', 'สหรัถ', 'รุ่งเรือง', 'ปวช.1/14', 'คอมพิวเตอร์กราฟิก'),
(621110089, 'นาย', 'ธนาดล', 'ชาญสูงเนิน', 'ปวช.1/2', 'พณิชยการ'),
(621110090, 'นางสาว', 'ปิยธิดา', 'ด้วงชาวนา', 'ปวช.1/4', 'พณิชยการ'),
(621110091, 'นาย', 'ณัฐนันท์', 'บุญคุ้ม', 'ปวช.1/4', 'พณิชยการ'),
(621110094, 'นาย', 'จิระวัฒน์', 'ดุลรัมย์', 'ปวช.1/1', 'พณิชยการ'),
(621110097, 'นางสาว', 'ฟ้าประธาน', 'จันทร์หอม', 'ปวช.1/9', 'เทคโนโลยีสารสนเทศ'),
(621110098, 'นาย', 'สมโชค', 'สุดดี', 'ปวช.1/4', 'พณิชยการ'),
(621110099, 'นาย', 'สินทรัพย์', 'บุญอยู่', 'ปวช.1/14', 'คอมพิวเตอร์กราฟิก'),
(621110103, 'นางสาว', 'ชลลดา', 'สาดเเฟง', 'ปวช.1/11', 'การท่องเที่ยว'),
(621110104, 'นางสาว', 'วิภาวี', 'พจนากรรักษ์', 'ปวช.1/3', 'พณิชยการ'),
(621110106, 'นางสาว', 'น้อย', 'สงมื่อ', 'ปวช.1/4', 'พณิชยการ'),
(621110107, 'นางสาว', 'กิ่งเเก้ว', 'สร้อยแก้ว', 'ปวช.1/4', 'พณิชยการ'),
(621110111, 'นางสาว', 'มีนา', 'มีประโคน', 'ปวช.1/17', 'การโรงแรม'),
(621110112, 'นางสาว', 'เกษกนกโสภิญ', 'ฝ่ายจิตชอบ', 'ปวช.1/15', 'คอมพิวเตอร์กราฟิก'),
(621110113, 'นางสาว', 'วรรณธนา', 'คมสันเทียะ', 'ปวช.1/3', 'พณิชยการ'),
(621110115, 'นางสาว', 'ชฎาภรณ์', 'สุวรรณา', 'ปวช.1/2', 'พณิชยการ'),
(621110116, 'นางสาว', 'ปานชนก', 'หารมนตรี', 'ปวช.1/3', 'พณิชยการ'),
(621110117, 'นางสาว', 'รุ่งฤดี', 'วรพันธ์', 'ปวช.1/11', 'การท่องเที่ยว'),
(621110118, 'นาย', 'ธนากร', 'บัวลอย', 'ปวช.1/3', 'พณิชยการ'),
(621110119, 'นางสาว', 'มณีนุช', 'ปานซ้าย', 'ปวช.1/6', 'พณิชยการ'),
(621110120, 'นางสาว', 'เกสรา', 'เรืองศรี', 'ปวช.1/2', 'พณิชยการ'),
(621110121, 'นางสาว', 'อันลิตา', 'บุญพา', 'ปวช.1/13', 'คอมพิวเตอร์กราฟิก'),
(621110122, 'นางสาว', 'รุ่งทิพย์', 'สามเจ้ง', 'ปวช.1/4', 'พณิชยการ'),
(621110123, 'นางสาว', 'นภาพร', 'ปิยะลาภา', 'ปวช.1/1', 'พณิชยการ'),
(621110124, 'นาย', 'ดนัย', 'ลาทอง', 'ปวช.1/6', 'พณิชยการ'),
(621110125, 'นาย', 'ธนรัชต์', 'คุณมี', 'ปวช.1/13', 'คอมพิวเตอร์กราฟิก'),
(621110127, 'นาย', 'วุฒิชัย', 'คิดสำโรง', 'ปวช.1/9', 'เทคโนโลยีสารสนเทศ'),
(621110128, 'นาย', 'เอเชีย', 'ไชยมณีลังการ์', 'ปวช.1/9', 'เทคโนโลยีสารสนเทศ'),
(621110129, 'นาย', 'ธนกร', 'พุ่มเพ็ชร', 'ปวช.1/15', 'คอมพิวเตอร์กราฟิก'),
(621110133, 'นางสาว', 'สุภทัต', 'ชัยสมบูรณ์พันธ์', 'ปวช.1/17', 'การโรงแรม'),
(621110137, 'นาย', 'ธีรสิทธิ์', 'ทองคำ', 'ปวช.1/15', 'คอมพิวเตอร์กราฟิก'),
(621110138, 'นาย', 'ปภาวิชญ์', 'อนันต์รัตนสกุล', 'ปวช.1/11', 'การท่องเที่ยว'),
(621110139, 'นางสาว', 'วรรณศิริ', 'ผดุงนึก', 'ปวช.1/2', 'พณิชยการ'),
(621110141, 'นาย', 'ศิวกร', 'ลออคุณูปการ', 'ปวช.1/6', 'พณิชยการ'),
(621110142, 'นาย', 'ภาณุพงศ์', 'ตุ้มทอง', 'ปวช.1/1', 'พณิชยการ'),
(621110144, 'นางสาว', 'ศิริรัตน์', 'ภู่ทอง', 'ปวช.1/1', 'พณิชยการ'),
(621110145, 'นางสาว', 'ชลณิภา', 'บุญรอด', 'ปวช.1/3', 'พณิชยการ'),
(621110146, 'นางสาว', 'ธัญญาพร', 'วรรณประภา', 'ปวช.1/1', 'พณิชยการ'),
(621110147, 'นางสาว', 'มุธิตา', 'คุณประโยชน์', 'ปวช.1/17', 'การโรงแรม'),
(621110148, 'นางสาว', 'ธนพร', 'อินทศร', 'ปวช.1/15', 'คอมพิวเตอร์กราฟิก'),
(621110149, 'นางสาว', 'คีตภัทร์', 'เทวารัมย์', 'ปวช.1/3', 'พณิชยการ'),
(621110153, 'นางสาว', 'ณัฐนรี', 'วงศ์หนองแวง', 'ปวช.1/15', 'คอมพิวเตอร์กราฟิก'),
(621110155, 'นาย', 'ชัยพิพัฒน์', 'ศรีมหาทรัพย์', 'ปวช.1/5', 'พณิชยการ'),
(621110156, 'นางสาว', 'สกุลกาญจน์', 'ขุนณรงค์', 'ปวช.1/1', 'พณิชยการ'),
(621110157, 'นางสาว', 'ศรัญญา', 'สำราญ', 'ปวช.1/1', 'พณิชยการ'),
(621110158, 'นางสาว', 'วิจิตรา', 'สมรุด', 'ปวช.1/3', 'พณิชยการ'),
(621110159, 'นาย', 'พีรพล', 'เอี่ยมโอภาส', 'ปวช.1/15', 'คอมพิวเตอร์กราฟิก'),
(621110160, 'นางสาว', 'ศรสวรรค์', 'เครือสินธุ์', 'ปวช.1/11', 'การท่องเที่ยว'),
(621110164, 'นาย', 'จิรภิญโญ', 'เชียงกา', 'ปวช.1/6', 'พณิชยการ'),
(621110165, 'นางสาว', 'ฐิติรัตน์', 'ธีรโชติธนกุล', 'ปวช.1/3', 'พณิชยการ'),
(621110166, 'นางสาว', 'สุพรรษา', 'จำพิมาย', 'ปวช.1/13', 'คอมพิวเตอร์กราฟิก'),
(621110168, 'นาย', 'อภิชาติ', 'ชาตาคม', 'ปวช.1/15', 'คอมพิวเตอร์กราฟิก'),
(621110169, 'นาย', 'ณัฐวุฒิ', 'เเซ่คู', 'ปวช.1/13', 'คอมพิวเตอร์กราฟิก'),
(621110172, 'นางสาว', 'ณัฐธิดา', 'จงวัฒนะคงคา', 'ปวช.1/6', 'พณิชยการ'),
(621110173, 'นาย', 'รชต', 'ครึกครื้น', 'ปวช.1/15', 'คอมพิวเตอร์กราฟิก'),
(621110174, 'นาย', 'นัฐพล', 'ราชภักดี', 'ปวช.1/15', 'คอมพิวเตอร์กราฟิก'),
(621110175, 'นาย', 'วรเชษฐ', 'ศรีทอง', 'ปวช.1/15', 'คอมพิวเตอร์กราฟิก'),
(621110176, 'นาย', 'เจษฎาพร', 'สงวนคำ', 'ปวช.1/15', 'คอมพิวเตอร์กราฟิก'),
(621110177, 'นาย', 'ภาณุวัฒน์', 'ธิมานิตย์', 'ปวช.1/15', 'คอมพิวเตอร์กราฟิก'),
(621110178, 'นาย', 'ณัฐนันท์', 'บัวทิพย์', 'ปวช.1/15', 'คอมพิวเตอร์กราฟิก'),
(621110179, 'นาย', 'วรเชษฐ์', 'พันธุชาติ', 'ปวช.1/13', 'คอมพิวเตอร์กราฟิก'),
(621110180, 'นาย', 'ฉัตรชัย', 'สุ่มมาตย์', 'ปวช.1/13', 'คอมพิวเตอร์กราฟิก'),
(621110181, 'นาย', 'วีรยุทธ', 'พุฒโสม', 'ปวช.1/13', 'คอมพิวเตอร์กราฟิก'),
(621110182, 'นางสาว', 'ปิยธิดา', 'เย็นนิกรณ์', 'ปวช.1/17', 'การโรงแรม'),
(621110183, 'นางสาว', 'จินตพร', 'อิ่นคำ', 'ปวช.1/14', 'คอมพิวเตอร์กราฟิก'),
(621110184, 'นางสาว', 'ปาริชาต', 'ดิษสง', 'ปวช.1/6', 'พณิชยการ'),
(621110185, 'นางสาว', 'วริสรา', 'อนุตธโต', 'ปวช.1/14', 'คอมพิวเตอร์กราฟิก'),
(621110187, 'นางสาว', 'เพชรรัตน์', 'สุวรรณโกวิท', 'ปวช.1/6', 'พณิชยการ'),
(621110189, 'นาย', 'ภราดร', 'ภูลับ', 'ปวช.1/17', 'การโรงแรม'),
(621110190, 'นางสาว', 'สุพิชฌาย์', 'ศรีเมฆวงษา', 'ปวช.1/11', 'การท่องเที่ยว'),
(621110191, 'นางสาว', 'เจนจิรา', 'ประทาพันธ์', 'ปวช.1/17', 'การโรงแรม'),
(621110192, 'นางสาว', 'มาริสา', 'น้อยคำลือ', 'ปวช.1/11', 'การท่องเที่ยว'),
(621110193, 'นาย', 'เเดนชัย', 'อรรถสาร', 'ปวช.1/4', 'พณิชยการ'),
(621110194, 'นางสาว', 'ธัญสินี', 'ลัดดี', 'ปวช.1/2', 'พณิชยการ'),
(621110195, 'นาย', 'วุฒิภัชร', 'คำใบ', 'ปวช.1/5', 'พณิชยการ'),
(621110196, 'นางสาว', 'สว่างจิตร', 'จันทร์สวัสดิ์', 'ปวช.1/6', 'พณิชยการ'),
(621110197, 'นางสาว', 'ทิวารัตน์', 'บุญยะรัตน์', 'ปวช.1/6', 'พณิชยการ'),
(621110198, 'นางสาว', 'มุธิตา', 'ลาดลงเมือง', 'ปวช.1/3', 'พณิชยการ'),
(621110201, 'นางสาว', 'ชรินรัตน์', 'เร่บ้านเกาะ', 'ปวช.1/1', 'พณิชยการ'),
(621110202, 'นางสาว', 'สกาวเดือน', 'เพ็งวิภาค', 'ปวช.1/6', 'พณิชยการ'),
(621110203, 'นางสาว', 'ละอองดาว', 'เพ็งวิภาค', 'ปวช.1/13', 'คอมพิวเตอร์กราฟิก'),
(621110204, 'นางสาว', 'ปริญญา', 'ค้าปลา', 'ปวช.1/6', 'พณิชยการ'),
(621110206, 'นางสาว', 'เบญจมาพร', 'โชติทองหลาง', 'ปวช.1/11', 'การท่องเที่ยว'),
(621110207, 'นาย', 'ศุภรักษ์', 'ยศศักดิ์เจริญ', 'ปวช.1/2', 'พณิชยการ'),
(621110208, 'นาย', 'ปัณณวัฒน์', 'รมยาคม', 'ปวช.1/15', 'คอมพิวเตอร์กราฟิก'),
(621110209, 'นาย', 'ชลสิทธ์', 'จงกสิกิจ', 'ปวช.1/15', 'คอมพิวเตอร์กราฟิก'),
(621110210, 'นางสาว', 'ธันชนก', 'โอ๋ววงศา', 'ปวช.1/17', 'การโรงแรม'),
(621110211, 'นางสาว', 'วรินทร', 'อนันต์', 'ปวช.1/2', 'พณิชยการ'),
(621110212, 'นาย', 'จิราวัฒน์', 'วงศ์วิบูลย์ชัย', 'ปวช.1/13', 'คอมพิวเตอร์กราฟิก'),
(621110215, 'นาย', 'วีรวุฒิ', 'แวงวรรณ', 'ปวช.1/15', 'คอมพิวเตอร์กราฟิก'),
(621110216, 'นาย', 'คชาธร', 'กิจกุศล', 'ปวช.1/2', 'พณิชยการ'),
(621110217, 'นางสาว', 'เเพรพลอย', 'สมศรี', 'ปวช.1/13', 'คอมพิวเตอร์กราฟิก'),
(621110218, 'นางสาว', 'จุฬารัตน์', 'แดนงูเหลือม', 'ปวช.1/13', 'คอมพิวเตอร์กราฟิก'),
(621110219, 'นางสาว', 'ณนิชา', 'ขำแตง', 'ปวช.1/6', 'พณิชยการ'),
(621110220, 'นางสาว', 'กรชลัยย์', 'ทองคำ', 'ปวช.1/3', 'พณิชยการ'),
(621110221, 'นางสาว', 'วิภา', 'บุดดาวงค์', 'ปวช.1/6', 'พณิชยการ'),
(621110222, 'นาย', 'ศุภกฤต', 'สุกแก้ว', 'ปวช.1/13', 'คอมพิวเตอร์กราฟิก'),
(621110224, 'นาย', 'มานะ', 'ดอนสุวรรณ', 'ปวช.1/6', 'พณิชยการ'),
(621110225, 'นาย', 'กิติศักดิ์', 'แก่นสวาท', 'ปวช.1/1', 'พณิชยการ'),
(621110226, 'นางสาว', 'เกตุสุดาพร', 'ไชยรักษ์', 'ปวช.1/3', 'พณิชยการ'),
(621110228, 'นาย', 'นครินทร์', 'สายพรหม', 'ปวช.1/15', 'คอมพิวเตอร์กราฟิก'),
(621110229, 'นางสาว', 'ณลินรัตน์', 'เนื่องโคตะ', 'ปวช.1/4', 'พณิชยการ'),
(621110231, 'นาย', 'เอกรินทร์', 'เถื่อนแก้ว', 'ปวช.1/2', 'พณิชยการ'),
(621110232, 'นาย', 'รุจทิกร', 'จวนแจ้ง', 'ปวช.1/9', 'เทคโนโลยีสารสนเทศ'),
(621110233, 'นาย', 'ภูธวัช', 'แก้วสง่า', 'ปวช.1/15', 'คอมพิวเตอร์กราฟิก'),
(621110235, 'นาย', 'กฤษณะ', 'คงมา', 'ปวช.1/15', 'คอมพิวเตอร์กราฟิก'),
(621110236, 'นาย', 'ปิยะ', 'เอี่ยมระหงษ์', 'ปวช.1/15', 'คอมพิวเตอร์กราฟิก'),
(621110237, 'นาย', 'ณฐวัฒน์', 'ยามาลี', 'ปวช.1/15', 'คอมพิวเตอร์กราฟิก'),
(621110238, 'นางสาว', 'วริยา', 'นกนคร', 'ปวช.1/3', 'พณิชยการ'),
(621110239, 'นางสาว', 'รสกร', 'กิจบำรุง', 'ปวช.1/14', 'คอมพิวเตอร์กราฟิก'),
(621110240, 'นาย', 'สุวิทย์', 'ทับเถื่อน', 'ปวช.1/6', 'พณิชยการ'),
(621110241, 'นาย', 'อดิสร', 'ปานสมุทร', 'ปวช.1/3', 'พณิชยการ'),
(621110242, 'นางสาว', 'ธิดารัตน์', 'ธูปสักการะ', 'ปวช.1/3', 'พณิชยการ'),
(621110243, 'นางสาว', 'อังคณา', 'เขียวบุตร', 'ปวช.1/5', 'พณิชยการ'),
(621110244, 'นาย', 'ภูริภัทร', 'ธาราโรจน์', 'ปวช.1/15', 'คอมพิวเตอร์กราฟิก'),
(621110245, 'นางสาว', 'พัชราภรณ์', 'แสงสุระ', 'ปวช.1/2', 'พณิชยการ'),
(621110246, 'นางสาว', 'นัชลิดา', 'ภู่ยอดยิ่ง', 'ปวช.1/3', 'พณิชยการ'),
(621110247, 'นางสาว', 'จุฬาลักษณ์', 'พันธ์อินทร์', 'ปวช.1/5', 'พณิชยการ'),
(621110248, 'นางสาว', 'มณทศพร', 'สมุทร์', 'ปวช.1/5', 'พณิชยการ'),
(621110249, 'นางสาว', 'วรัญญา', 'ดอนเหนือ', 'ปวช.1/1', 'พณิชยการ'),
(621110250, 'นางสาว', 'ปริชาติ', 'อินทอง', 'ปวช.1/4', 'พณิชยการ'),
(621110251, 'นางสาว', 'จุฑารัตน์', 'เบอร์ไธสง', 'ปวช.1/17', 'การโรงแรม'),
(621110252, 'นางสาว', 'ธัญญรัตน์', 'พุฒพิทักษ์', 'ปวช.1/2', 'พณิชยการ'),
(621110253, 'นางสาว', 'สุมลภา', 'ชุมแวงวาปี', 'ปวช.1/3', 'พณิชยการ'),
(621110254, 'นางสาว', 'จิตต์ลัดดา', 'เสาวรส', 'ปวช.1/15', 'คอมพิวเตอร์กราฟิก'),
(621110255, 'นาย', 'กิตติทัธ', 'คำแสง', 'ปวช.1/13', 'คอมพิวเตอร์กราฟิก'),
(621110256, 'นาย', 'นพรุจ', 'นนท์ศิริ', 'ปวช.1/13', 'คอมพิวเตอร์กราฟิก'),
(621110257, 'นาย', 'พายุ', 'สุวรรณสิงห์', 'ปวช.1/3', 'พณิชยการ'),
(621110263, 'นาย', 'เจษฎาภรณ์', 'กำลังเจริญ', 'ปวช.1/1', 'พณิชยการ'),
(621110264, 'นางสาว', 'ปาริชาต', 'สง่าในเมือง', 'ปวช.1/6', 'พณิชยการ'),
(621110265, 'นาย', 'ธวัชชัย', 'เจริญสันเทียะ', 'ปวช.1/6', 'พณิชยการ'),
(621110266, 'นาย', 'ภาคภูมิ', 'จันทรวิภาค', 'ปวช.1/3', 'พณิชยการ'),
(621110267, 'นางสาว', 'สุนิษา', 'เสตจักร์', 'ปวช.1/3', 'พณิชยการ'),
(621110268, 'นางสาว', 'อรปพา', 'ตาสาย', 'ปวช.1/3', 'พณิชยการ'),
(621110270, 'นางสาว', 'ปวีณ์ธิดา', 'สังข์ทอง', 'ปวช.1/4', 'พณิชยการ'),
(621110271, 'นางสาว', 'วาสนา', 'กาดกอง', 'ปวช.1/1', 'พณิชยการ'),
(621110272, 'นางสาว', 'รุจิรา', 'ชูชีวา', 'ปวช.1/3', 'พณิชยการ'),
(621110273, 'นางสาว', 'ฟารียา', 'ศรีทับทิม', 'ปวช.1/3', 'พณิชยการ'),
(621110274, 'นาย', 'ฐาปกรณ์', 'เพ็ชรณรงค์', 'ปวช.1/14', 'คอมพิวเตอร์กราฟิก'),
(621110275, 'นางสาว', 'อภิญญา', 'กองจันดี', 'ปวช.1/3', 'พณิชยการ'),
(621110276, 'นางสาว', 'บัณฑิตา', 'อินคงมะดัน', 'ปวช.1/3', 'พณิชยการ'),
(621110277, 'นางสาว', 'ฤทธิตา', 'พรมแดน', 'ปวช.1/1', 'พณิชยการ'),
(621110278, 'นางสาว', 'วันวิสา', 'เเก้ววิบูลย์', 'ปวช.1/4', 'พณิชยการ'),
(621110279, 'นาย', 'เรืองไชย', 'เจริญคุณาเกียรติ', 'ปวช.1/14', 'คอมพิวเตอร์กราฟิก'),
(621110282, 'นางสาว', 'ชลิตา', 'ชาวอุบล', 'ปวช.1/11', 'การท่องเที่ยว'),
(621110283, 'นาย', 'ชัยวัฒน์', 'ใช้บางยาง', 'ปวช.1/14', 'คอมพิวเตอร์กราฟิก'),
(621110284, 'นางสาว', 'ชลธร', 'สายสอาด', 'ปวช.1/2', 'พณิชยการ'),
(621110285, 'นาย', 'ทศวร', 'คนขยัน', 'ปวช.1/6', 'พณิชยการ'),
(621110286, 'นาย', 'ธนฉัตร', 'ทับเพชร', 'ปวช.1/6', 'พณิชยการ'),
(621110287, 'นาย', 'ภารดร', 'มีเลิศ', 'ปวช.1/6', 'พณิชยการ'),
(621110288, 'นาย', 'ณัฐวุฒิ', 'นุรักษ์เข', 'ปวช.1/6', 'พณิชยการ'),
(621110289, 'นาย', 'ชัยมงคล', 'อุ่นสวัสดิ์', 'ปวช.1/6', 'พณิชยการ'),
(621110290, 'นาย', 'อัครบุตร', 'โชติวนิช', 'ปวช.1/6', 'พณิชยการ'),
(621110291, 'นาย', 'ธนากร', 'นูขุนทด', 'ปวช.1/4', 'พณิชยการ'),
(621110292, 'นาย', 'โสภณวิชญ์', 'ตั้งสุวรรณ', 'ปวช.1/13', 'คอมพิวเตอร์กราฟิก'),
(621110293, 'นางสาว', 'ยลธิตา', 'ศรีสอาด', 'ปวช.1/4', 'พณิชยการ'),
(621110296, 'นางสาว', 'สุภาวดี', 'นนทวัน', 'ปวช.1/17', 'การโรงแรม'),
(621110298, 'นางสาว', 'วรรณวิสา', 'คำพวง', 'ปวช.1/17', 'การโรงแรม'),
(621110299, 'นางสาว', 'สวย', 'กิมแก้ว', 'ปวช.1/17', 'การโรงแรม'),
(621110303, 'นางสาว', 'ทิพย์วิมล', 'ลีเขียน', 'ปวช.1/6', 'พณิชยการ'),
(621110304, 'นาย', 'กิติพันธ์', 'มังสะพันธ์', 'ปวช.1/11', 'การท่องเที่ยว'),
(621110305, 'นาย', 'วศิน', 'จันทร', 'ปวช.1/13', 'คอมพิวเตอร์กราฟิก'),
(621110306, 'นางสาว', 'เพียงดาว', 'แซ่ฉิน', 'ปวช.1/17', 'การโรงแรม'),
(621110307, 'นาย', 'นันทิวัฒน์', 'สิงห์แรง', 'ปวช.1/3', 'พณิชยการ'),
(621110308, 'นางสาว', 'กนกพลอย', 'พำนัก', 'ปวช.1/1', 'พณิชยการ'),
(621110309, 'นางสาว', 'สุชานันท์', 'กิตติรังสี', 'ปวช.1/5', 'พณิชยการ'),
(621110310, 'นาย', 'อดิศักดิ์', 'ม้วงยุย', 'ปวช.1/5', 'พณิชยการ'),
(621110312, 'นางสาว', 'ศิริพร', 'จินาติ', 'ปวช.1/13', 'คอมพิวเตอร์กราฟิก'),
(621110316, 'นาย', 'รพีภัทร', 'ทรัพย์แสนดี', 'ปวช.1/6', 'พณิชยการ'),
(621110317, 'นาย', 'จิรัฎฐิ', 'ปานเกษม', 'ปวช.1/4', 'พณิชยการ'),
(621110318, 'นางสาว', 'กมลชนก', 'คำพูล', 'ปวช.1/2', 'พณิชยการ'),
(621110319, 'นางสาว', 'สิรินภา', 'ณ นคร', 'ปวช.1/2', 'พณิชยการ'),
(621110320, 'นาย', 'ปกร', 'ศิริ', 'ปวช.1/15', 'คอมพิวเตอร์กราฟิก'),
(621110321, 'นางสาว', 'ตะวัน', 'กางกั้น', 'ปวช.1/17', 'การโรงแรม'),
(621110322, 'นาย', 'ธีรภัทร', 'พิมพ์วงค์สัตย์', 'ปวช.1/13', 'คอมพิวเตอร์กราฟิก'),
(621110325, 'นาย', 'พงศกรณ์', 'ไทรพันธ์แก้ว', 'ปวช.1/5', 'พณิชยการ'),
(621110326, 'นาย', 'สุทธิราช', 'ชั้นสกุลนี', 'ปวช.1/5', 'พณิชยการ'),
(621110327, 'นาย', 'อัมรินทร์', 'วงค์ศรีชา', 'ปวช.1/14', 'คอมพิวเตอร์กราฟิก'),
(621110328, 'นางสาว', 'รัชนีวรรณ', 'พลขุนทด', 'ปวช.1/4', 'พณิชยการ'),
(621110329, 'นาย', 'เมธัส', 'ชัยพรสุขสม', 'ปวช.1/14', 'คอมพิวเตอร์กราฟิก'),
(621110330, 'นางสาว', 'จันทร์เพ็ญ', 'กล่อมกระโทก', 'ปวช.1/1', 'พณิชยการ'),
(621110332, 'นางสาว', 'วรางคณา', 'อินทร', 'ปวช.1/17', 'การโรงแรม'),
(621110333, 'นางสาว', 'สัณห์ฤทัย', 'แสนสินธ์', 'ปวช.1/4', 'พณิชยการ'),
(621110334, 'นางสาว', 'อรัญญา', 'ทองท่าฉาง', 'ปวช.1/2', 'พณิชยการ'),
(621110336, 'นาย', 'วีรภัทร', 'วรรณรังษี', 'ปวช.1/3', 'พณิชยการ'),
(621110337, 'นางสาว', 'ปรางค์ทอง', 'แก้วดอน', 'ปวช.1/11', 'การท่องเที่ยว'),
(621110338, 'นาย', 'อิศดา', 'เฉยวิชิต', 'ปวช.1/17', 'การโรงแรม'),
(621110339, 'นาย', 'ดลระวี', 'เหรียญณรงค์', 'ปวช.1/14', 'คอมพิวเตอร์กราฟิก'),
(621110340, 'นาย', 'พงศ์ธร', 'ภูพานเพ็ชร', 'ปวช.1/5', 'พณิชยการ'),
(621110342, 'นางสาว', 'รัตนวรรณ', 'จรถวิล', 'ปวช.1/17', 'การโรงแรม'),
(621110343, 'นางสาว', 'กวินทิพย์', 'รอดบุญเกิด', 'ปวช.1/14', 'คอมพิวเตอร์กราฟิก'),
(621110344, 'นางสาว', 'วิภาดา', 'เซียวัดสา', 'ปวช.1/5', 'พณิชยการ'),
(621110345, 'นางสาว', 'รัตนาภรณ์', 'สาโรจน์', 'ปวช.1/1', 'พณิชยการ'),
(621110346, 'นางสาว', 'ธิติมา', 'อ่อนน้อม', 'ปวช.1/5', 'พณิชยการ'),
(621110347, 'นาย', 'ปัณณวัชร์', 'รุจิโอฬารโรจน์', 'ปวช.1/15', 'คอมพิวเตอร์กราฟิก'),
(621110349, 'นางสาว', 'เยาวภา', 'ศรีเลิศ', 'ปวช.1/11', 'การท่องเที่ยว'),
(621110350, 'นางสาว', 'กชกร', 'ทรัพย์ประพฤทธิ์', 'ปวช.1/6', 'พณิชยการ'),
(621110351, 'นางสาว', 'ธิญาดา', 'วงศ์งาม', 'ปวช.1/6', 'พณิชยการ'),
(621110352, 'นางสาว', 'ณัฐธิดา', 'สระทองหยอย', 'ปวช.1/14', 'คอมพิวเตอร์กราฟิก'),
(621110353, 'นางสาว', 'กมลวรรณ', 'ศรีทองขำ', 'ปวช.1/11', 'การท่องเที่ยว'),
(621110354, 'นาย', 'ธนวรรธน์', 'พฤติยะนันต์', 'ปวช.1/3', 'พณิชยการ'),
(621110355, 'นางสาว', 'วารีพร', 'ชดศิริ', 'ปวช.1/13', 'คอมพิวเตอร์กราฟิก'),
(621110356, 'นางสาว', 'นภัทรชา', 'ยืนมั่น', 'ปวช.1/14', 'คอมพิวเตอร์กราฟิก'),
(621110357, 'นางสาว', 'สุกฤตา', 'กลั่นจันทร์', 'ปวช.1/4', 'พณิชยการ'),
(621110358, 'นางสาว', 'ณภาพร', 'ศรียาภัย', 'ปวช.1/4', 'พณิชยการ'),
(621110359, 'นาย', 'ทักษ์ดนัย', 'จบไตรเภท', 'ปวช.1/13', 'คอมพิวเตอร์กราฟิก'),
(621110360, 'นาย', 'ธนากร', 'แซ่ล้อ', 'ปวช.1/14', 'คอมพิวเตอร์กราฟิก'),
(621110361, 'นาย', 'ภูมิพัฒน์', 'ภูริสินสิทธิ์', 'ปวช.1/15', 'คอมพิวเตอร์กราฟิก'),
(621110362, 'นางสาว', 'อินทิยา', 'แย้มผกา', 'ปวช.1/2', 'พณิชยการ'),
(621110363, 'นาย', 'ศุกลภัทร', 'คำสนวน', 'ปวช.1/2', 'พณิชยการ'),
(621110364, 'นาย', 'กายสิทธิ์', 'เคลือบบุญ', 'ปวช.1/15', 'คอมพิวเตอร์กราฟิก'),
(621110368, 'นาย', 'ธนกฤต', 'บัวละภา', 'ปวช.1/15', 'คอมพิวเตอร์กราฟิก'),
(621110369, 'นาย', 'อนุชา', 'ตรึกตรองรัมย์', 'ปวช.1/15', 'คอมพิวเตอร์กราฟิก'),
(621110370, 'นางสาว', 'ชลลดา', 'แก้วสมนึก', 'ปวช.1/15', 'คอมพิวเตอร์กราฟิก'),
(621110371, 'นางสาว', 'พรนภา', 'ขุนทองจับ', 'ปวช.1/5', 'พณิชยการ'),
(621110372, 'นาย', 'ณัฐพล', 'มงคลกล้า', 'ปวช.1/17', 'การโรงแรม'),
(621110373, 'นางสาว', 'สุนันท์', 'จ่างวุฒิไกร', 'ปวช.1/5', 'พณิชยการ'),
(621110374, 'นาย', 'สหวัชร', 'เฮงทอง', 'ปวช.1/14', 'คอมพิวเตอร์กราฟิก'),
(621110375, 'นาย', 'เกียรติพงษ์', 'อินจันทร์', 'ปวช.1/14', 'คอมพิวเตอร์กราฟิก'),
(621110376, 'นางสาว', 'สุชานันท์', 'สมสกุล', 'ปวช.1/6', 'พณิชยการ'),
(621110377, 'นางสาว', 'ฑิตฐิตา', 'ดีวงษ์', 'ปวช.1/17', 'การโรงแรม'),
(621110378, 'นางสาว', 'สุทธิกานต์', 'รอยประโคน', 'ปวช.1/6', 'พณิชยการ'),
(621110379, 'นางสาว', 'รุ่งนภา', 'รอดชมภู', 'ปวช.1/3', 'พณิชยการ'),
(621110380, 'นางสาว', 'อนาตาชา', 'วังหนองโพน', 'ปวช.1/17', 'การโรงแรม'),
(621110381, 'นาย', 'ศุภวิชญ์', 'แสนเรียน', 'ปวช.1/15', 'คอมพิวเตอร์กราฟิก'),
(621110382, 'นาย', 'คณากฤต', 'สมสุข', 'ปวช.1/6', 'พณิชยการ'),
(621110383, 'นาย', 'กวิน', 'สวยสม', 'ปวช.1/3', 'พณิชยการ'),
(621110387, 'นาย', 'วรพล', 'เกตุเเก้ว', 'ปวช.1/13', 'คอมพิวเตอร์กราฟิก'),
(621110388, 'นาย', 'ภาณุเดช', 'ขจรเดชรัตนชัย', 'ปวช.1/13', 'คอมพิวเตอร์กราฟิก'),
(621110389, 'นาย', 'จักรพงศ์', 'แก้วพิทยาภรณ์', 'ปวช.1/13', 'คอมพิวเตอร์กราฟิก'),
(621110390, 'นางสาว', 'ศศิกานต์', 'อึ้งโต', 'ปวช.1/4', 'พณิชยการ'),
(621110392, 'นางสาว', 'ยุภาวดี', 'รู้ขาย', 'ปวช.1/6', 'พณิชยการ'),
(621110393, 'นางสาว', 'เนตรนภา', 'วรรณเจริญ', 'ปวช.1/13', 'คอมพิวเตอร์กราฟิก'),
(621110394, 'นาย', 'กฤษฎา', 'ปัจจัยคา', 'ปวช.1/14', 'คอมพิวเตอร์กราฟิก'),
(621110395, 'นาย', 'ก้องภพ', 'ศรีทอง', 'ปวช.1/9', 'เทคโนโลยีสารสนเทศ'),
(621110396, 'นางสาว', 'อักษรสวรรค์', 'วิเศษ', 'ปวช.1/14', 'คอมพิวเตอร์กราฟิก'),
(621110397, 'นางสาว', 'อารียา', 'อาวะศรี', 'ปวช.1/13', 'คอมพิวเตอร์กราฟิก'),
(621110398, 'นางสาว', 'เบญจพร', 'กังสดาร', 'ปวช.1/3', 'พณิชยการ'),
(621110399, 'นาย', 'ศิริโชค', 'หอมสุวรรณ', 'ปวช.1/14', 'คอมพิวเตอร์กราฟิก'),
(621110401, 'นางสาว', 'กาญจนา', 'เพชรเกอร์', 'ปวช.1/4', 'พณิชยการ'),
(621110402, 'นางสาว', 'ลัดดาวัลย์', 'เมืองสมบัติ', 'ปวช.1/1', 'พณิชยการ'),
(621110403, 'นางสาว', 'ชาลิสา', 'บรรดิษเสน', 'ปวช.1/13', 'คอมพิวเตอร์กราฟิก'),
(621110404, 'นาย', 'จิรัฐกาล', 'เนื่องโคตะ', 'ปวช.1/14', 'คอมพิวเตอร์กราฟิก'),
(621110405, 'นาย', 'สราวุฒิ', 'เสมอภาค', 'ปวช.1/14', 'คอมพิวเตอร์กราฟิก'),
(621110406, 'นาย', 'สุเมธ', 'ทับทอง', 'ปวช.1/13', 'คอมพิวเตอร์กราฟิก'),
(621110407, 'นาย', 'นรากร', 'ปิ่นโมรา', 'ปวช.1/14', 'คอมพิวเตอร์กราฟิก'),
(621110408, 'นาย', 'ฐิติพันธ์', 'ฉันท์มงคลกิตติ์', 'ปวช.1/3', 'พณิชยการ'),
(621110409, 'นาย', 'ณัฐกานต์', 'โพธิ์จำเริญ', 'ปวช.1/13', 'คอมพิวเตอร์กราฟิก'),
(621110410, 'นาย', 'กรรชัย', 'วิศรียา', 'ปวช.1/13', 'คอมพิวเตอร์กราฟิก'),
(621110411, 'นางสาว', 'ปัญญาพร', 'เอ๋กระโทก', 'ปวช.1/4', 'พณิชยการ'),
(621110412, 'นาย', 'ดนุพล', 'เรืองอัมพร', 'ปวช.1/9', 'เทคโนโลยีสารสนเทศ'),
(621110413, 'นาย', 'ดนุเดช', 'เรืองอัมพร', 'ปวช.1/9', 'เทคโนโลยีสารสนเทศ'),
(621110414, 'นางสาว', 'ธิดารัตน์', 'จูวรรณะ', 'ปวช.1/5', 'พณิชยการ'),
(621110416, 'นาย', 'ประสงค์ศิษฏ์', 'ยวงศรี', 'ปวช.1/13', 'คอมพิวเตอร์กราฟิก'),
(621110417, 'นางสาว', 'นภัสวรรณ', 'ดวงชาคำ', 'ปวช.1/11', 'การท่องเที่ยว'),
(621110421, 'นาย', 'ลัทธพล', 'จตุรภักดิ์', 'ปวช.1/5', 'พณิชยการ'),
(621110423, 'นางสาว', 'ปณาลี', 'ศุภมณี', 'ปวช.1/17', 'การโรงแรม'),
(621110426, 'นาย', 'จักรดุลย์', 'จันทร์ผูก', 'ปวช.1/3', 'พณิชยการ'),
(621110427, 'นาย', 'คณิศร', 'สมศรีอักษรแสง', 'ปวช.1/9', 'เทคโนโลยีสารสนเทศ'),
(621110428, 'นางสาว', 'สุคนธ์ทิพย์', 'ศรีวะสุทธิ์', 'ปวช.1/14', 'คอมพิวเตอร์กราฟิก'),
(621110429, 'นาย', 'ธัญชนิต', 'ทองศรีสมบูรณ์', 'ปวช.1/1', 'พณิชยการ'),
(621110430, 'นางสาว', 'อภิญญา', 'สดคมขำ', 'ปวช.1/11', 'การท่องเที่ยว'),
(621110432, 'นางสาว', 'กันตยา', 'หยิบจันทร์', 'ปวช.1/1', 'พณิชยการ'),
(621110433, 'นาย', 'ธรรมบุตร', 'อุ่นศิริ', 'ปวช.1/14', 'คอมพิวเตอร์กราฟิก'),
(621110434, 'นาย', 'ธนพร', 'สงกระสินธุ์', 'ปวช.1/1', 'พณิชยการ'),
(621110436, 'นางสาว', 'เลปวรรณ', 'อ่อนศิริ', 'ปวช.1/17', 'การโรงแรม'),
(621110437, 'นางสาว', 'สิริยากร', 'ปิ่นทอง', 'ปวช.1/17', 'การโรงแรม'),
(621110438, 'นางสาว', 'อรจิรา', 'เเซ่อั้ง', 'ปวช.1/5', 'พณิชยการ'),
(621110439, 'นาย', 'ปรีชา', 'ล่ำเขียว', 'ปวช.1/14', 'คอมพิวเตอร์กราฟิก'),
(621110440, 'นาย', 'สาธิต', 'ยังอยู่', 'ปวช.1/14', 'คอมพิวเตอร์กราฟิก'),
(621110442, 'นาย', 'อิทธิพล', 'พูลทอง', 'ปวช.1/14', 'คอมพิวเตอร์กราฟิก'),
(621110443, 'นาย', 'ศิริโชค', 'แซ่ลี้', 'ปวช.1/13', 'คอมพิวเตอร์กราฟิก'),
(621110444, 'นาย', 'สุรพงค์', 'บรรยง', 'ปวช.1/17', 'การโรงแรม'),
(621110445, 'นางสาว', 'สุริโย', 'ทองนุ่ม', 'ปวช.1/17', 'การโรงแรม'),
(621110446, 'นาย', 'พิชัย', 'นาคราช', 'ปวช.1/14', 'คอมพิวเตอร์กราฟิก'),
(621110447, 'นางสาว', 'กัณชพร', 'ภูแถวเว่อ', 'ปวช.1/5', 'พณิชยการ'),
(621110448, 'นางสาว', 'ฐิติยา', 'ช่อพุ่ม', 'ปวช.1/3', 'พณิชยการ'),
(621110449, 'นางสาว', 'ศภิสรา', 'ล้วนรอด', 'ปวช.1/3', 'พณิชยการ'),
(621110450, 'นาย', 'ชุติพนธ์', 'พุฒนาค', 'ปวช.1/3', 'พณิชยการ'),
(621110451, 'นาย', 'จิรายุ', 'บุญเปี่ยม', 'ปวช.1/14', 'คอมพิวเตอร์กราฟิก'),
(621110452, 'นาย', 'พุฒิพงศ์', 'คชวรานนท์', 'ปวช.1/2', 'พณิชยการ'),
(621110453, 'นางสาว', 'ปฏิมา', 'แพงน้อย', 'ปวช.1/4', 'พณิชยการ'),
(621110456, 'นางสาว', 'พลอยภิมล', 'แซ่จึง', 'ปวช.1/5', 'พณิชยการ'),
(621110458, 'นาย', 'อมรเทพ', 'ภูพันนา', 'ปวช.1/14', 'คอมพิวเตอร์กราฟิก'),
(621110460, 'นาย', 'จริศักดิ์', 'ศรีถวิล', 'ปวช.1/13', 'คอมพิวเตอร์กราฟิก'),
(621110461, 'นาย', 'ธนะรัชต์', 'อำพันหอม', 'ปวช.1/2', 'พณิชยการ'),
(621110462, 'นาย', 'เจตตริน', 'ป้อมประเสริฐ', 'ปวช.1/15', 'คอมพิวเตอร์กราฟิก'),
(621110466, 'นาย', 'ระพีวิชญ์', 'เห็นประเสริฐ', 'ปวช.1/5', 'พณิชยการ'),
(621110468, 'นางสาว', 'ธนัษชา', 'มะโนรัตน์', 'ปวช.1/3', 'พณิชยการ'),
(621110469, 'นางสาว', 'ฐานิดา', 'คงใจมั่น', 'ปวช.1/17', 'การโรงแรม'),
(621110470, 'นาย', 'จุมพล', 'พัดหนองโพธิ์', 'ปวช.1/14', 'คอมพิวเตอร์กราฟิก'),
(621110471, 'นาย', 'ศุภกิจ', 'ชาโสรส', 'ปวช.1/14', 'คอมพิวเตอร์กราฟิก'),
(621110472, 'นาย', 'เกียรติศักดิ์', 'ชินวงศ์พรหม', 'ปวช.1/4', 'พณิชยการ'),
(621110473, 'นางสาว', 'วีรยา', 'ฝ่ายพลแสน', 'ปวช.1/17', 'การโรงแรม'),
(621110476, 'นาย', 'พลภัค', 'นามวงศ์', 'ปวช.1/9', 'เทคโนโลยีสารสนเทศ'),
(621110477, 'นาย', 'เอกลักษ์', 'นามวงศ์', 'ปวช.1/9', 'เทคโนโลยีสารสนเทศ'),
(621110478, 'นางสาว', 'นฤมล', 'ศิริโส', 'ปวช.1/14', 'คอมพิวเตอร์กราฟิก'),
(621110479, 'นาย', 'สิรวิชญ์', 'สวนแก้ว', 'ปวช.1/4', 'พณิชยการ'),
(621110480, 'นางสาว', 'ศรัญญา', 'ศรีวงษา', 'ปวช.1/4', 'พณิชยการ'),
(621110482, 'นางสาว', 'นิศากร', 'ปานแดง', 'ปวช.1/1', 'พณิชยการ'),
(621110483, 'นางสาว', 'สุภาพร', 'จูพลาย', 'ปวช.1/2', 'พณิชยการ'),
(621110484, 'นางสาว', 'ธีราพร', 'เหมือนสีชัย', 'ปวช.1/17', 'การโรงแรม'),
(621110485, 'นาย', 'ไชยภัทร', 'ภูหิน', 'ปวช.1/6', 'พณิชยการ'),
(621110486, 'นางสาว', 'วรรณวิศา', 'เเพงสุวรรณ์', 'ปวช.1/5', 'พณิชยการ'),
(621110487, 'นางสาว', 'สุภาวดี', 'จี้ประดับ', 'ปวช.1/2', 'พณิชยการ'),
(621110488, 'นาย', 'ภานุพงศ์', 'จิตตะไชย', 'ปวช.1/4', 'พณิชยการ'),
(621110489, 'นางสาว', 'นิรินญา', 'เเก้วบัลลัง', 'ปวช.1/5', 'พณิชยการ'),
(621110490, 'นางสาว', 'อัญชิษฐา', 'ศรีสมาจาร', 'ปวช.1/2', 'พณิชยการ'),
(621110491, 'นาย', 'ณัฏฐ์ภณ', 'แสงประดับ', 'ปวช.1/3', 'พณิชยการ'),
(621110492, 'นางสาว', 'วรรณนิศา', 'เหนาตีบ', 'ปวช.1/11', 'การท่องเที่ยว'),
(621110493, 'นาย', 'ยศธร', '-', 'ปวช.1/11', 'การท่องเที่ยว'),
(621110494, 'นางสาว', 'กนกกาญจน์', 'ปานโต', 'ปวช.1/1', 'พณิชยการ'),
(621110495, 'นาย', 'ภัทรพล', 'สุขส่ง', 'ปวช.1/13', 'คอมพิวเตอร์กราฟิก'),
(621110496, 'นาย', 'ปัณณวรรธ', 'ผ่องแผ้ว', 'ปวช.1/17', 'การโรงแรม'),
(621110497, 'นาย', 'วงศธร', 'แสงทวี', 'ปวช.1/17', 'การโรงแรม'),
(621110498, 'นางสาว', 'ชาลิสา', 'ขาวขันธ์', 'ปวช.1/2', 'พณิชยการ'),
(621110499, 'นางสาว', 'มนาพร', 'น้อยกันสี', 'ปวช.1/17', 'การโรงแรม'),
(621110501, 'นาย', 'ณัฐวุฒิ', 'ผึ่งผดุง', 'ปวช.1/3', 'พณิชยการ'),
(621110502, 'นางสาว', 'พรวิภา', 'จุ้ยสำราญ', 'ปวช.1/5', 'พณิชยการ'),
(621110503, 'นาย', 'ธนภัทร', 'จันทร์ทองคำ', 'ปวช.1/2', 'พณิชยการ'),
(621110504, 'นางสาว', 'ศุภิสรา', 'สุขสำราญ', 'ปวช.1/17', 'การโรงแรม'),
(621110505, 'นาย', 'ทักษินัย', 'สิงห์พลงาม', 'ปวช.1/14', 'คอมพิวเตอร์กราฟิก'),
(621110506, 'นางสาว', 'บูชิตา', 'มนัสชัย', 'ปวช.1/3', 'พณิชยการ'),
(621110509, 'นางสาว', 'ศศิรัตน์', 'สวนมาลี', 'ปวช.1/2', 'พณิชยการ'),
(621110510, 'นาย', 'อภิวัฒน์', 'ทองทั้งแถว', 'ปวช.1/2', 'พณิชยการ'),
(621110511, 'นาย', 'เอกพจน์', 'ภูมิศิริกรณ์', 'ปวช.1/14', 'คอมพิวเตอร์กราฟิก'),
(621110512, 'นาย', 'เพชร', 'หีบแก้ว', 'ปวช.1/13', 'คอมพิวเตอร์กราฟิก'),
(621110513, 'นาย', 'ณวัฒน์', 'ไชยขันธ์', 'ปวช.1/2', 'พณิชยการ'),
(621110514, 'นาย', 'ชิณวัตร', 'ภูชัยเจริญกุล', 'ปวช.1/13', 'คอมพิวเตอร์กราฟิก'),
(621110515, 'นาย', 'วายุ', 'ยุยรัมย์', 'ปวช.1/15', 'คอมพิวเตอร์กราฟิก'),
(621110516, 'นาย', 'อนุชิต', 'เดชะพิทักษ์วงศ์', 'ปวช.1/15', 'คอมพิวเตอร์กราฟิก'),
(621110517, 'นาย', 'พานทอง', 'แม้นศิริ', 'ปวช.1/15', 'คอมพิวเตอร์กราฟิก'),
(621110520, 'นาย', 'กิตตินันธ์', 'เงาธรรม', 'ปวช.1/15', 'คอมพิวเตอร์กราฟิก'),
(621110521, 'นางสาว', 'ปาริชาติ', 'แตะต้อง', 'ปวช.1/4', 'พณิชยการ'),
(621110522, 'นางสาว', 'กานต์ธิดา', 'รุ่งเรือง', 'ปวช.1/13', 'คอมพิวเตอร์กราฟิก'),
(621110523, 'นาย', 'พีรมิตร', 'เรืองพัฒนาวิวัฒน์', 'ปวช.1/3', 'พณิชยการ'),
(621110524, 'นาย', 'ศิวนาถ', 'เปรมปราศภัย', 'ปวช.1/5', 'พณิชยการ'),
(621110525, 'นาย', 'พลนิวัช', 'พลดงนอก', 'ปวช.1/13', 'คอมพิวเตอร์กราฟิก'),
(621110526, 'นาย', 'ศิรศักดิ์', 'แสงทองดี', 'ปวช.1/5', 'พณิชยการ'),
(621110527, 'นางสาว', 'ณัฏฐา', 'วรรณปะเก', 'ปวช.1/4', 'พณิชยการ'),
(621110528, 'นาย', 'พิชัย', 'อัมพะวัน', 'ปวช.1/5', 'พณิชยการ'),
(621110529, 'นางสาว', 'จุรีรัตน์', 'คำเชือ', 'ปวช.1/11', 'การท่องเที่ยว'),
(621110530, 'นางสาว', 'ปศิญา', 'เหล่างาม', 'ปวช.1/11', 'การท่องเที่ยว'),
(621110531, 'นางสาว', 'ปิยะนารถ', 'ทองผา', 'ปวช.1/11', 'การท่องเที่ยว'),
(621110532, 'นางสาว', 'เกษสุดา', 'ยันกา', 'ปวช.1/5', 'พณิชยการ'),
(621110536, 'นาย', 'คฑาวุธ', 'รอดอู๋', 'ปวช.1/4', 'พณิชยการ'),
(621110537, 'นางสาว', 'กุลยา', 'เกิดฤทธิ์', 'ปวช.1/1', 'พณิชยการ'),
(621110539, 'นางสาว', 'สุรางค์', 'นิลพัฒน์', 'ปวช.1/17', 'การโรงแรม'),
(621110540, 'นาย', 'ประสารศิษฎ์', 'แย้มสร้อย', 'ปวช.1/4', 'พณิชยการ'),
(621110541, 'นาย', 'โกญจนาท', 'เนตรสกุลณี', 'ปวช.1/6', 'พณิชยการ'),
(621110542, 'นางสาว', 'วิมลรัตน์', 'สืบผาง', 'ปวช.1/5', 'พณิชยการ'),
(621110543, 'นาย', 'กิตติกวิน', 'โพชะกะ', 'ปวช.1/4', 'พณิชยการ'),
(621110544, 'นางสาว', 'ภัทรวดี', 'มณีจำรัส', 'ปวช.1/11', 'การท่องเที่ยว'),
(621110545, 'นางสาว', 'ตะวัน', 'ตาจอง', 'ปวช.1/11', 'การท่องเที่ยว'),
(621110547, 'นางสาว', 'พรทิพา', 'ถินแพ', 'ปวช.1/9', 'เทคโนโลยีสารสนเทศ'),
(621110548, 'นางสาว', 'วีรยา', 'แกมรัมย์', 'ปวช.1/5', 'พณิชยการ'),
(621110549, 'นางสาว', 'กิตติพรรณ', 'กิจประยูร', 'ปวช.1/5', 'พณิชยการ'),
(621110550, 'นางสาว', 'รุ่งทิวา', 'บัวสร้อย', 'ปวช.1/11', 'การท่องเที่ยว'),
(621110551, 'นาย', 'โมไนย', 'โศภาอัมพรฉัตร', 'ปวช.1/9', 'เทคโนโลยีสารสนเทศ'),
(621110552, 'นาย', 'ทิพย์พเนตร', 'สมมน', 'ปวช.1/13', 'คอมพิวเตอร์กราฟิก'),
(621110553, 'นาย', 'พิชาภัค', 'อินถา', 'ปวช.1/15', 'คอมพิวเตอร์กราฟิก'),
(621110554, 'นางสาว', 'ชลิตา', 'ศรีเจริญ', 'ปวช.1/11', 'การท่องเที่ยว'),
(621110555, 'นางสาว', 'จิรภิญญา', 'บังศรี', 'ปวช.1/4', 'พณิชยการ'),
(621110556, 'นาย', 'สิทธิโชค', 'จันทร์สมบูรณ์', 'ปวช.1/15', 'คอมพิวเตอร์กราฟิก'),
(621110557, 'นางสาว', 'กนกพร', 'ภูเทียมศรี', 'ปวช.1/13', 'คอมพิวเตอร์กราฟิก'),
(621110558, 'นาย', 'รุ่งโรจน์', 'ดัดคิด', 'ปวช.1/1', 'พณิชยการ'),
(621110559, 'นางสาว', 'ทิพาวรรณ', 'ดัดคิด', 'ปวช.1/14', 'คอมพิวเตอร์กราฟิก'),
(621110560, 'นางสาว', 'บุญตา', 'ชมภู', 'ปวช.1/17', 'การโรงแรม'),
(621110561, 'นาย', 'เกียรติยศ', 'สมสะอาด', 'ปวช.1/2', 'พณิชยการ'),
(621110562, 'นางสาว', 'กัลยา', 'บุตรตา', 'ปวช.1/2', 'พณิชยการ'),
(621110564, 'นาย', 'ฐาปกรณ์', 'รุททองจันทร์', 'ปวช.1/4', 'พณิชยการ'),
(621110566, 'นางสาว', 'กิตติพร', 'คนหาญ', 'ปวช.1/13', 'คอมพิวเตอร์กราฟิก'),
(621110567, 'นาย', 'ฐิติพัฒน์', 'โพธิ์งาม', 'ปวช.1/2', 'พณิชยการ'),
(621110568, 'นาย', 'ก้าวหน้า', 'ไชคำดี', 'ปวช.1/1', 'พณิชยการ'),
(621110569, 'นาย', 'ณัฐพงษ์', 'โจทะนัง', 'ปวช.1/11', 'การท่องเที่ยว'),
(621110570, 'นางสาว', 'ปลายฝน', 'คำเสาร์', 'ปวช.1/1', 'พณิชยการ'),
(621110571, 'นางสาว', 'ณัฎฐ์พัชร', 'มะวงษ์', 'ปวช.1/3', 'พณิชยการ'),
(621110572, 'นางสาว', 'ชัชวรรณ', 'งาวิจิตร', 'ปวช.1/4', 'พณิชยการ'),
(621110574, 'นาย', 'ธนาธิป', 'พุ่มพวง', 'ปวช.1/15', 'คอมพิวเตอร์กราฟิก'),
(621110575, 'นาย', 'นาแคน', 'ซายัม', 'ปวช.1/1', 'พณิชยการ'),
(621110576, 'นาย', 'สุธิพงศ์', 'ศิวิไล', 'ปวช.1/5', 'พณิชยการ'),
(621110577, 'นางสาว', 'นัฐฐา', 'บุตรดาจักร', 'ปวช.1/5', 'พณิชยการ'),
(621110579, 'นางสาว', 'กริณา', 'วิไลนุช', 'ปวช.1/1', 'พณิชยการ'),
(621110580, 'นาย', 'ธนธรณ์', 'กุลมิตร', 'ปวช.1/2', 'พณิชยการ'),
(621110582, 'นางสาว', 'ศศิกานต์', 'กานนท์', 'ปวช.1/6', 'พณิชยการ'),
(621110583, 'นาย', 'ศุภกร', 'กันรักษา', 'ปวช.1/6', 'พณิชยการ'),
(621110584, 'นางสาว', 'อานิตยา', 'ซื่อสัจจา', 'ปวช.1/11', 'การท่องเที่ยว'),
(621110585, 'นาย', 'ธนัฐชา', 'มันทะเสน', 'ปวช.1/6', 'พณิชยการ'),
(621110586, 'นาย', 'ภราดร', 'แซ่โง้ว', 'ปวช.1/13', 'คอมพิวเตอร์กราฟิก'),
(621110587, 'นาย', 'ไกด์', 'ศุภภัทรานาม', 'ปวช.1/5', 'พณิชยการ'),
(621110589, 'นาย', 'สุรศักดิ์', 'คำประสพ', 'ปวช.1/6', 'พณิชยการ'),
(621110590, 'นาย', 'อัษฎา', 'แสงใสแก้ว', 'ปวช.1/13', 'คอมพิวเตอร์กราฟิก'),
(621110592, 'นางสาว', 'ณิชากร', 'พ่วงสมจิตร', 'ปวช.1/11', 'การท่องเที่ยว'),
(621110593, 'นางสาว', 'เนตรนภา', 'เหล็งสุดใจ', 'ปวช.1/6', 'พณิชยการ'),
(621110594, 'นางสาว', 'นภิสา', 'จันทะโรทัย', 'ปวช.1/5', 'พณิชยการ'),
(621110595, 'นาย', 'สุธี', 'พิมพ์โพนทอง', 'ปวช.1/6', 'พณิชยการ'),
(621110596, 'นางสาว', 'พีรดา', 'ปิ่นอ่อน', 'ปวช.1/14', 'คอมพิวเตอร์กราฟิก'),
(621110597, 'นาย', 'ก้องภพ', 'ทับปัญญา', 'ปวช.1/2', 'พณิชยการ'),
(621110598, 'นาย', 'ธนภัทร', 'เจียเธียรสุน', 'ปวช.1/2', 'พณิชยการ'),
(621110600, 'นาย', 'นิกร', 'หอมรื่น', 'ปวช.1/11', 'การท่องเที่ยว'),
(621110601, 'นาย', 'โสธร', 'ศิริโสภา', 'ปวช.1/11', 'การท่องเที่ยว'),
(621110602, 'นางสาว', 'ญาณิศา', 'หนูนคง', 'ปวช.1/5', 'พณิชยการ'),
(621110603, 'นางสาว', 'สุมลฑา', 'ลุมะทา', 'ปวช.1/11', 'การท่องเที่ยว'),
(621110604, 'นางสาว', 'ณิชชยา', 'พันธ์ประสิทธิ์เวช', 'ปวช.1/11', 'การท่องเที่ยว'),
(621110605, 'นางสาว', 'อภิชญา', 'โจทกระโทก', 'ปวช.1/11', 'การท่องเที่ยว'),
(621110606, 'นาย', 'จักรพงษ์', 'ไชยรักษ์', 'ปวช.1/9', 'เทคโนโลยีสารสนเทศ'),
(621110607, 'นาย', 'ธาดา', 'เย็นยิ้ม', 'ปวช.1/1', 'พณิชยการ'),
(621110608, 'นาย', 'ปฏิภาณ', 'ประทุมเมศร์', 'ปวช.1/11', 'การท่องเที่ยว'),
(621110609, 'นางสาว', 'น้ำฝน', 'ไชยเทพ', 'ปวช.1/4', 'พณิชยการ'),
(621110610, 'นางสาว', 'เบญจวรรณ', 'นนทพรม', 'ปวช.1/17', 'การโรงแรม'),
(621110612, 'นางสาว', 'กนกวรรณ', 'ศรีสุธรรม', 'ปวช.1/5', 'พณิชยการ'),
(621110613, 'นางสาว', 'ชลธิชา', 'บัวคง', 'ปวช.1/9', 'เทคโนโลยีสารสนเทศ'),
(621110614, 'นางสาว', 'กิตติพร', 'ชัยกาวิล', 'ปวช.1/6', 'พณิชยการ'),
(621110615, 'นาย', 'เจษฎากร', 'ซื่อตรงใจ', 'ปวช.1/9', 'เทคโนโลยีสารสนเทศ'),
(621110617, 'นาย', 'ธีรพันธ์', 'ศิริวัฒน์', 'ปวช.1/11', 'การท่องเที่ยว'),
(621110618, 'นางสาว', 'นพรัตน์', 'จันทรสุข', 'ปวช.1/11', 'การท่องเที่ยว'),
(621110619, 'นางสาว', 'พัชรนันท์', 'คะเนย์', 'ปวช.1/11', 'การท่องเที่ยว'),
(621110620, 'นางสาว', 'สุภาพร', 'แกล้วกล้า', 'ปวช.1/17', 'การโรงแรม'),
(621110621, 'นางสาว', 'พลอยไพลิน', 'สิทธิศุข', 'ปวช.1/4', 'พณิชยการ'),
(621110622, 'นาย', 'พงษ์ธร', 'ใจสุวรรณ์', 'ปวช.1/5', 'พณิชยการ'),
(621110623, 'นางสาว', 'รุ่งทิวา', 'วงศ์กะโซ่', 'ปวช.1/1', 'พณิชยการ'),
(621110624, 'นางสาว', 'มิ้นท์ธิตา', 'สิลา', 'ปวช.1/2', 'พณิชยการ'),
(621110625, 'นางสาว', 'ขนิษฐา', 'วัฒนบัณฑิตกุล', 'ปวช.1/5', 'พณิชยการ'),
(621110627, 'นางสาว', 'พรนภา', 'อยู่เล็ก', 'ปวช.1/5', 'พณิชยการ'),
(621110630, 'นางสาว', 'ชุลีพร', 'เเย้มขยาย', 'ปวช.1/5', 'พณิชยการ'),
(621110631, 'นางสาว', 'รื่นจิต', 'พันธ์ประสิทธิ์เวช', 'ปวช.1/6', 'พณิชยการ'),
(621110632, 'นางสาว', 'จิราภรณ์', 'น้ำฉ่ำ', 'ปวช.1/6', 'พณิชยการ'),
(621110633, 'นาย', 'ภวิศสิชฌ์', 'ภูชัยเจริญกุล', 'ปวช.1/17', 'การโรงแรม'),
(621110635, 'นางสาว', 'ศุภัชญา', 'ตาติ๊ดแสง', 'ปวช.1/17', 'การโรงแรม'),
(621110636, 'นาย', 'ฐิติกร', 'อันกรีฑาภิรมย์', 'ปวช.1/14', 'คอมพิวเตอร์กราฟิก'),
(621110637, 'นาย', 'ณัฐวินท์', 'ชวะณิชย์', 'ปวช.1/6', 'พณิชยการ'),
(621110638, 'นาย', 'ภัทธดนย์', 'เภตรานนท์', 'ปวช.1/17', 'การโรงแรม'),
(621110639, 'นาย', 'พิเชษฐ์', 'ประจำแถว', 'ปวช.1/4', 'พณิชยการ'),
(621110641, 'นาย', 'ชญานนท์', 'พลอาวุธ', 'ปวช.1/13', 'คอมพิวเตอร์กราฟิก'),
(621110642, 'นาย', 'เสริมพัฒน์', 'ดิษฐ์เอม', 'ปวช.1/4', 'พณิชยการ'),
(621110645, 'นางสาว', 'อุรดี', 'ฉัตรศรีอุดมสุข', 'ปวช.1/3', 'พณิชยการ'),
(621110646, 'นางสาว', 'เมษา', 'จันทร์คำ', 'ปวช.1/6', 'พณิชยการ'),
(621110647, 'นาย', 'ปุณญวัจน์', 'อาธนู', 'ปวช.1/3', 'พณิชยการ'),
(621110651, 'นางสาว', 'โชติรส', 'ขยัน', 'ปวช.1/17', 'การโรงแรม'),
(621110652, 'นางสาว', 'สิริกร', 'พลึกรุ่งโรจน์', 'ปวช.1/6', 'พณิชยการ'),
(621110653, 'นาย', 'ธนกร', 'นาครักษา', 'ปวช.1/5', 'พณิชยการ'),
(621110655, 'นางสาว', 'ทรรศวรรณ', 'หมอนพังเทียม', 'ปวช.1/4', 'พณิชยการ'),
(621110657, 'นาย', 'พรเทพ', 'จันตา', 'ปวช.1/2', 'พณิชยการ'),
(621110658, 'นาย', 'ภาณุวัฒน์', 'สายเสมา', 'ปวช.1/13', 'คอมพิวเตอร์กราฟิก'),
(621110660, 'นาย', 'ประภาพันธ์', 'วงษ์ดี', 'ปวช.1/1', 'พณิชยการ'),
(621110662, 'นาย', 'คฑาวุธ', 'เอียนรัมย์', 'ปวช.1/14', 'คอมพิวเตอร์กราฟิก'),
(621110663, 'นาย', 'พรหมมินทร์', 'อ่อนละฮุง', 'ปวช.1/2', 'พณิชยการ'),
(621110664, 'นางสาว', 'ณัฐชา', 'อ่อนปุย', 'ปวช.1/4', 'พณิชยการ'),
(621110665, 'นางสาว', 'บัณฑิตา', 'สังวุฒิโต', 'ปวช.1/5', 'พณิชยการ'),
(621110666, 'นางสาว', 'อริสา', 'ดาวอุบล', 'ปวช.1/2', 'พณิชยการ'),
(621110667, 'นาย', 'วนินทร', 'นวลนุ่ม', 'ปวช.1/14', 'คอมพิวเตอร์กราฟิก'),
(621110670, 'นางสาว', 'สุกัญญา', 'จันดาหัวดง', 'ปวช.1/17', 'การโรงแรม'),
(621110673, 'นาย', 'เกรียงศักดิ์', 'เงินลาด', 'ปวช.1/2', 'พณิชยการ'),
(621110674, 'นางสาว', 'พีรยา', 'พัฒนจันทร์', 'ปวช.1/17', 'การโรงแรม'),
(621110675, 'นาย', 'จิรภัทร', 'จารุกุลพาณิช', 'ปวช.1/14', 'คอมพิวเตอร์กราฟิก'),
(621110676, 'นาย', 'เกรียงศักดิ์', 'น้อยมาตร', 'ปวช.1/3', 'พณิชยการ'),
(621110677, 'นางสาว', 'ชนิดาภา', 'เดชเดชา', 'ปวช.1/3', 'พณิชยการ'),
(621110679, 'นาย', 'พีรพัฒน์', 'อินทะมาตย์', 'ปวช.1/1', 'พณิชยการ'),
(621110680, 'นาย', 'ธัชนนท์', 'ชุมพล', 'ปวช.1/14', 'คอมพิวเตอร์กราฟิก'),
(621110681, 'นางสาว', 'ภครวรรณ', 'ลงลา', 'ปวช.1/11', 'การท่องเที่ยว'),
(621110682, 'นางสาว', 'พรปวีณ์', 'ไกยสอน', 'ปวช.1/14', 'คอมพิวเตอร์กราฟิก'),
(621110683, 'นาย', 'พิพัฒน์', 'ผลไพบูลย์', 'ปวช.1/6', 'พณิชยการ'),
(621110684, 'นางสาว', 'ปวันรัตน์', 'เชื้ออ่ำ', 'ปวช.1/5', 'พณิชยการ'),
(621110685, 'นางสาว', 'รสิกา', 'ราชโภคา', 'ปวช.1/2', 'พณิชยการ'),
(621110686, 'นางสาว', 'ปุณฑริกา', 'ตันติพิริยะ', 'ปวช.1/3', 'พณิชยการ'),
(621110687, 'นาย', 'นันทนัช', 'ยอดคำ', 'ปวช.1/1', 'พณิชยการ'),
(621110691, 'นางสาว', 'รุจิสา', 'สุสวดโม้', 'ปวช.1/2', 'พณิชยการ'),
(621110693, 'นาย', 'ภานุวัฒน์', 'สุวรรณรัตน์', 'ปวช.1/4', 'พณิชยการ'),
(621110694, 'นางสาว', 'วารุณี', 'สุพรรณ', 'ปวช.1/11', 'การท่องเที่ยว'),
(621110695, 'นางสาว', 'ศุภาวรรณ', 'ชื่่นใจชน', 'ปวช.1/1', 'พณิชยการ'),
(621110696, 'นางสาว', 'พิยดา', 'ละไพเพิก', 'ปวช.1/1', 'พณิชยการ'),
(621110697, 'นาย', 'ศุภชัย', 'ก้อนคำ', 'ปวช.1/5', 'พณิชยการ'),
(621110698, 'นาย', 'พิชชากร', 'แซ่ลิ้ม', 'ปวช.1/1', 'พณิชยการ'),
(621110699, 'นางสาว', 'จิราดา', 'ญาติมาก', 'ปวช.1/11', 'การท่องเที่ยว'),
(621110700, 'นางสาว', 'วีสวัส', 'ยุบรัมย์', 'ปวช.1/17', 'การโรงแรม'),
(621110702, 'นางสาว', 'นิสากร', 'มีโคกกลาง', 'ปวช.1/1', 'พณิชยการ'),
(621110703, 'นางสาว', 'เจนจิรา', 'อยู่สุข', 'ปวช.1/17', 'การโรงแรม'),
(621110705, 'นางสาว', 'สุพรรณธิภา', 'คงจุ้ย', 'ปวช.1/1', 'พณิชยการ'),
(621110708, 'นาย', 'ธราเทพ', 'ประจันนวล', 'ปวช.1/6', 'พณิชยการ'),
(621110712, 'นาย', 'สหรัฐ', 'โสภักดี', 'ปวช.1/13', 'คอมพิวเตอร์กราฟิก'),
(621110714, 'นาย', 'ฐณะวัฒน์', 'ศรีวรรณ์', 'ปวช.1/14', 'คอมพิวเตอร์กราฟิก'),
(621110715, 'นาย', 'พงศภัทร์', 'หลำสมหวัง', 'ปวช.1/1', 'พณิชยการ'),
(621110718, 'นาย', 'ธีรภัทร', 'สีนาทนาวา', 'ปวช.1/17', 'การโรงแรม'),
(621110720, 'นาย', 'พงศกร', 'ทิพย์สุมานันท์', 'ปวช.1/3', 'พณิชยการ'),
(621110721, 'นาย', 'สุวัชพล', 'คงจรูญ', 'ปวช.1/13', 'คอมพิวเตอร์กราฟิก'),
(621110722, 'นางสาว', 'พลอยไพลิน', 'กลางบุญเฮือง', 'ปวช.1/15', 'คอมพิวเตอร์กราฟิก'),
(621110724, 'นางสาว', 'ณิชยา', 'ทำดี', 'ปวช.1/2', 'พณิชยการ'),
(621110725, 'นางสาว', 'วิสุทธิ์ศรี', 'เกรียงไกรวณิช', 'ปวช.1/6', 'พณิชยการ'),
(621110727, 'นางสาว', 'ชรันดา', 'เพื่อบุญมาก', 'ปวช.1/5', 'พณิชยการ'),
(621110728, 'นาย', 'พีระพงษ์', 'ก้อนดินจี่', 'ปวช.1/13', 'คอมพิวเตอร์กราฟิก'),
(621110729, 'นางสาว', 'รมิตา', 'ส่งศิลป์วิบูลย์', 'ปวช.1/17', 'การโรงแรม'),
(621110730, 'นาย', 'กิตติศักดิ์', 'สอนบุญช่วย', 'ปวช.1/5', 'พณิชยการ'),
(621110731, 'นาย', 'ณัฐภัทร', 'ตระเภาพงษ์', 'ปวช.1/4', 'พณิชยการ'),
(621110732, 'นางสาว', 'สุนิสา', 'มีมาก', 'ปวช.1/3', 'พณิชยการ'),
(621110733, 'นาย', 'ชุมพล', 'นิลน้อย', 'ปวช.1/4', 'พณิชยการ'),
(621110734, 'นางสาว', 'ชนากาน', 'เนตรน้อย', 'ปวช.1/6', 'พณิชยการ'),
(621110735, 'นางสาว', 'หยดน้ำ', 'คุ้มคณะ', 'ปวช.1/3', 'พณิชยการ'),
(621110736, 'นางสาว', 'เจนจิรา', 'จันสวาท', 'ปวช.1/11', 'การท่องเที่ยว'),
(621110737, 'นางสาว', 'กนกรัตน์', 'เสาดี', 'ปวช.1/11', 'การท่องเที่ยว'),
(621110740, 'นางสาว', 'สุพิชชา', 'เพิ่มพูล', 'ปวช.1/6', 'พณิชยการ'),
(621110741, 'นางสาว', 'อนงค์เนตร', 'บุญฤทธิ์', 'ปวช.1/1', 'พณิชยการ'),
(621110742, 'นางสาว', 'ภัทรนันท์', 'คำลวย', 'ปวช.1/17', 'การโรงแรม'),
(621110746, 'นางสาว', 'จุฑามาศ', 'ภู่เเก้ว', 'ปวช.1/17', 'การโรงแรม'),
(621110747, 'นางสาว', 'มุทิตา', 'มะธิมะตุ', 'ปวช.1/2', 'พณิชยการ'),
(621110748, 'นางสาว', 'อธิสา', 'องวารัมย์', 'ปวช.1/6', 'พณิชยการ'),
(621110750, 'นางสาว', 'ขนิษฐา', 'แซ่ซิ้ม', 'ปวช.1/4', 'พณิชยการ'),
(621110754, 'นาย', 'ชัยชนะ', 'ภมรฉ่ำ', 'ปวช.1/11', 'การท่องเที่ยว'),
(621110755, 'นาย', 'ธีรวัช', 'สุวะที', 'ปวช.1/5', 'พณิชยการ'),
(621110758, 'นาย', 'นันทพงศ์', 'แก้วอินทร์', 'ปวช.1/17', 'การโรงแรม'),
(621110759, 'นาย', 'ณัฐพล', 'คุณธานี', 'ปวช.1/13', 'คอมพิวเตอร์กราฟิก'),
(621110760, 'นางสาว', 'อัมรัตน์', 'ไล้ทอง', 'ปวช.1/3', 'พณิชยการ'),
(621110761, 'นาย', 'ทรงวุฒิ', 'เอี่ยมเจริญ', 'ปวช.1/15', 'คอมพิวเตอร์กราฟิก'),
(621110762, 'นาย', 'วิภู', 'โนรีสมบัติ', 'ปวช.1/13', 'คอมพิวเตอร์กราฟิก'),
(621110764, 'นางสาว', 'สุดารัตน์', 'นุตะภิบาล', 'ปวช.1/17', 'การโรงแรม'),
(621110765, 'นางสาว', 'วิมลตา', 'กลิ่นขจร', 'ปวช.1/4', 'พณิชยการ'),
(621110768, 'นาย', 'สิทธิชัย', 'เชื้อสูง', 'ปวช.1/5', 'พณิชยการ'),
(621110769, 'นาย', 'วิทยา', 'กงศูนย์', 'ปวช.1/1', 'พณิชยการ'),
(621110770, 'นาย', 'ชญานนท์', 'วิบุลยารุณ', 'ปวช.1/3', 'พณิชยการ'),
(621110776, 'นาย', 'อาณัติ', 'บุญเย็น', 'ปวช.1/1', 'พณิชยการ'),
(621110778, 'นาย', 'รัตนพงษ์', 'เกิดประถม', 'ปวช.1/15', 'คอมพิวเตอร์กราฟิก'),
(621110780, 'นาย', 'จิรภัทร', 'ศรีเมือง', 'ปวช.1/15', 'คอมพิวเตอร์กราฟิก'),
(621110783, 'นาย', 'ยศวี', 'บุญหล้า', 'ปวช.1/6', 'พณิชยการ'),
(621110785, 'นาย', 'เดโชพล', 'เข็มทอง', 'ปวช.1/4', 'พณิชยการ'),
(621110789, 'นาย', 'ธานนท์', 'เทียมทัพ', 'ปวช.1/9', 'เทคโนโลยีสารสนเทศ'),
(621110793, 'นางสาว', 'วิมพ์วิภา', 'เพชรน้ำขาว', 'ปวช.1/13', 'คอมพิวเตอร์กราฟิก'),
(621110796, 'นาย', 'ณโรดม', 'ชัยพร', 'ปวช.1/1', 'พณิชยการ'),
(621110798, 'นาย', 'สรวิศ', 'บุญโต', 'ปวช.1/14', 'คอมพิวเตอร์กราฟิก'),
(621110799, 'นางสาว', 'สุนิสา', 'พรามจร', 'ปวช.1/5', 'พณิชยการ'),
(621110806, 'นาย', 'ทินภัทร', 'สุขเจริญวรรณ', 'ปวช.1/4', 'พณิชยการ'),
(621110817, 'นาย', 'พชร', 'คาโต้', 'ปวช.1/17', 'การโรงแรม'),
(621110826, 'นาย', 'ณัฐพีรวัส', 'รวิภาสญาตาสิริ', 'ปวช.1/15', 'คอมพิวเตอร์กราฟิก'),
(621110839, 'นางสาว', 'ดลฤดี', 'อินทร์บำรุง', 'ปวช.1/11', 'การท่องเที่ยว'),
(621110842, 'นางสาว', 'ป้อม', '-', 'ปวช.1/11', 'การท่องเที่ยว'),
(621110853, 'นางสาว', 'ธรพร', 'กุลสอน', 'ปวช.1/17', 'การโรงแรม'),
(621120001, 'นางสาว', 'อารีรัตน์', 'กลัดกันแสง', 'ปวส.1/1', 'การบัญชี'),
(621120002, 'นาย', 'ก่อพงศ์', 'มุ่งกลาง', 'ปวส.1/5', 'คอมพิวเตอร์ธุรกิจ'),
(621120004, 'นาย', 'ทัศไนย', 'งามไว', 'ปวส.1/14', 'คอมพิวเตอร์กราฟิก'),
(621120005, 'นาย', 'วสันต์', 'รุ่งเรือง', 'ปวส.1/5', 'คอมพิวเตอร์ธุรกิจ'),
(621120006, 'นาย', 'อมรเทพ', 'ศรีเลิศ', 'ปวส.1/14', 'คอมพิวเตอร์กราฟิก'),
(621120007, 'นาย', 'พิพัฒน์', 'กุลครอง', 'ปวส.1/14', 'คอมพิวเตอร์กราฟิก'),
(621120008, 'นาย', 'ตั้ม', 'สิงห์ใหญ่', 'ปวส.1/14', 'คอมพิวเตอร์กราฟิก'),
(621120009, 'นาย', 'นิธิศ', 'ชูเนตร', 'ปวส.1/14', 'คอมพิวเตอร์กราฟิก'),
(621120012, 'นาย', 'ชนะชัย', 'ขำสมัย', 'ปวส.1/5', 'คอมพิวเตอร์ธุรกิจ'),
(621120013, 'นาย', 'จิรวัฒน์', 'เปี่ยมทอง', 'ปวส.1/1', 'การบัญชี'),
(621120014, 'นาย', 'ธนบูรณ์', 'ธนีบุญ', 'ปวส.1/5', 'คอมพิวเตอร์ธุรกิจ'),
(621120019, 'นางสาว', 'ลาวัณย์', 'พยัคกูล', 'ปวส.1/5', 'คอมพิวเตอร์ธุรกิจ'),
(621120021, 'นาย', 'สุรพงษ์', 'จันทร์หอม', 'ปวส.1/5', 'คอมพิวเตอร์ธุรกิจ'),
(621120022, 'นางสาว', 'เยาวลักษณ์', 'ธานี', 'ปวส.1/2', 'การบัญชี'),
(621120023, 'นาย', 'ภูวณัฐ', 'สมอาจ', 'ปวส.1/5', 'คอมพิวเตอร์ธุรกิจ'),
(621120024, 'นาย', 'อนุรักษ์', 'บุญรอด', 'ปวส.1/2', 'การบัญชี'),
(621120025, 'นางสาว', 'สุดารัตน์', 'คำบอนพิทักษ์', 'ปวส.1/14', 'คอมพิวเตอร์กราฟิก'),
(621120026, 'นาย', 'ภาณุศิลป์', 'ณัฏฐศิริกุล', 'ปวส.1/14', 'คอมพิวเตอร์กราฟิก'),
(621120027, 'นางสาว', 'สุพรรษา', 'ยอดมะลิ', 'ปวส.1/4', 'การตลาด'),
(621120028, 'นาย', 'นรินทร', 'พุทธิเวคิน', 'ปวส.1/1', 'การบัญชี'),
(621120029, 'นาย', 'กีรติ', 'ตันติธรรมภูษิต', 'ปวส.1/14', 'คอมพิวเตอร์กราฟิก'),
(621120030, 'นาย', 'ชลสิทธิ์', 'สังขไพรวรรณ', 'ปวส.1/4', 'การตลาด'),
(621120031, 'นางสาว', 'อรญา', 'เข็มต้น', 'ปวส.1/2', 'การบัญชี'),
(621120032, 'นางสาว', 'แอนนา', 'กะการดี', 'ปวส.1/7', 'การท่องเที่ยว'),
(621120033, 'นางสาว', 'นฤมล', 'ใจกว้าง', 'ปวส.1/5', 'คอมพิวเตอร์ธุรกิจ'),
(621120035, 'นางสาว', 'นภาพร', 'พรมนัส', 'ปวส.1/2', 'การบัญชี'),
(621120036, 'นาย', 'กฤษฎา', 'ราตรี', 'ปวส.1/14', 'คอมพิวเตอร์กราฟิก'),
(621120037, 'นาย', 'ชัยพร', 'สุขสถิตย์', 'ปวส.1/5', 'คอมพิวเตอร์ธุรกิจ'),
(621120038, 'นางสาว', 'ขวัญจิรา', 'คำไพร', 'ปวส.1/4', 'การตลาด'),
(621120039, 'นาย', 'พิษณุ', 'จับแก้ว', 'ปวส.1/4', 'การตลาด'),
(621120047, 'นางสาว', 'กนกวรรณ', 'พรมแดน', 'ปวส.1/4', 'การตลาด'),
(621120049, 'นาย', 'ธนวรรษ', 'โมคาพันธุ์', 'ปวส.1/4', 'การตลาด'),
(621120050, 'นาย', 'พลากร', 'จำพิมาย', 'ปวส.1/14', 'คอมพิวเตอร์กราฟิก'),
(621120052, 'นางสาว', 'หฤทัย', 'พรรณขาม', 'ปวส.1/4', 'การตลาด'),
(621120058, 'นาย', 'สุทิวัส', 'แสนสุภา', 'ปวส.1/4', 'การตลาด'),
(621120063, 'นางสาว', 'ญาณาภรณ์', 'เพียวสามพราน', 'ปวส.1/1', 'การบัญชี'),
(621120064, 'นางสาว', 'วรรณษา', 'ตันติพิริยะ', 'ปวส.1/1', 'การบัญชี'),
(621120065, 'นาย', 'วัฒนชัย', 'ภู่สุวรรณ', 'ปวส.1/14', 'คอมพิวเตอร์กราฟิก'),
(621120066, 'นางสาว', 'ษมาวรรณ', 'จวบกระโทก', 'ปวส.1/2', 'การบัญชี'),
(621120067, 'นางสาว', 'นฤมล', 'แสงคำ', 'ปวส.1/2', 'การบัญชี'),
(621120069, 'นาย', 'ชำนิ', 'ระรวยทรง', 'ปวส.1/14', 'คอมพิวเตอร์กราฟิก'),
(621120070, 'นาย', 'เอก', 'อินรัตน์', 'ปวส.1/14', 'คอมพิวเตอร์กราฟิก'),
(621120073, 'นาย', 'ณัฐวุฒิ', 'พูดเพราะ', 'ปวส.1/4', 'การตลาด'),
(621120074, 'นางสาว', 'ศุภนิดา', 'สีทะรับ', 'ปวส.1/2', 'การบัญชี'),
(621120075, 'นาย', 'วิศรุต', 'นันทวงษ์', 'ปวส.1/5', 'คอมพิวเตอร์ธุรกิจ'),
(621120077, 'นาย', 'ณัฐภัทร', 'จันทร์ทัดสว่าง', 'ปวส.1/4', 'การตลาด'),
(621120080, 'นางสาว', 'จิรภัทร์', 'แก้วดวงยาง', 'ปวส.1/2', 'การบัญชี'),
(621120081, 'นางสาว', 'สุจิตตา', 'กางโสภา', 'ปวส.1/4', 'การตลาด'),
(621120082, 'นางสาว', 'นารีรัตน์', 'งามจันอัด', 'ปวส.1/7', 'การท่องเที่ยว'),
(621120084, 'นางสาว', 'วรางคณา', 'เกตุแก้ว', 'ปวส.1/1', 'การบัญชี'),
(621120087, 'นางสาว', 'โพธิวรรณ', 'ต่ายสกุล', 'ปวส.1/2', 'การบัญชี'),
(621120088, 'นาย', 'สิทธิพล', 'คละกลาง', 'ปวส.1/1', 'การบัญชี'),
(621120089, 'นางสาว', 'ดรุณี', 'เสาดี', 'ปวส.1/1', 'การบัญชี'),
(621120090, 'นางสาว', 'สุชาดา', 'แซ่หย่าง', 'ปวส.1/1', 'การบัญชี'),
(621120091, 'นางสาว', 'กรรณิกา', 'ไป๋เขียว', 'ปวส.1/1', 'การบัญชี'),
(621120093, 'นาย', 'พัชรพล', 'ศาลา', 'ปวส.1/14', 'คอมพิวเตอร์กราฟิก'),
(621120097, 'นาย', 'ณัฏฐพล', 'ชื่นวรกิตติพล', 'ปวส.1/14', 'คอมพิวเตอร์กราฟิก'),
(621120099, 'นางสาว', 'ณัฐวรรณ', 'โคสิตลักษณ์', 'ปวส.1/4', 'การตลาด'),
(621120102, 'นางสาว', 'พรปวี', 'โชติสุวรรณกุล', 'ปวส.1/1', 'การบัญชี'),
(621120105, 'นาย', 'อัศม์เดช', 'ฉัตรศรีอุดมสุข', 'ปวส.1/5', 'คอมพิวเตอร์ธุรกิจ'),
(621120106, 'นางสาว', 'ณัฐกานต์', 'พุ่มโกเมศ', 'ปวส.1/2', 'การบัญชี'),
(621120107, 'นางสาว', 'ชลธิชา', 'ศรีภุมมา', 'ปวส.1/2', 'การบัญชี'),
(621120111, 'นาย', 'ธวัชชัย', 'พวงกิจจา', 'ปวส.1/2', 'การบัญชี'),
(621120112, 'นาย', 'ณัฐพล', 'ธนาดิลก', 'ปวส.1/5', 'คอมพิวเตอร์ธุรกิจ'),
(621120113, 'นาย', 'พิสิษฐ์', 'จันทา', 'ปวส.1/14', 'คอมพิวเตอร์กราฟิก'),
(621120114, 'นาย', 'ชยุตพงษ์', 'อินผลเล็ก', 'ปวส.1/14', 'คอมพิวเตอร์กราฟิก'),
(621120115, 'นาย', 'สมบูรณ์', 'นุติพรรณ', 'ปวส.1/2', 'การบัญชี'),
(621120116, 'นางสาว', 'บุศกร', 'ปุ๋ยสุวรรณ', 'ปวส.1/2', 'การบัญชี'),
(621120119, 'นาย', 'ทศวรรษ', 'เรืองเชื้อเหมือน', 'ปวส.1/14', 'คอมพิวเตอร์กราฟิก'),
(621120121, 'นางสาว', 'มธุรดา', 'ศรีสวัสดิ์', 'ปวส.1/1', 'การบัญชี'),
(621120122, 'นาย', 'ณัฐภูมิ', 'อินทรสอน', 'ปวส.1/5', 'คอมพิวเตอร์ธุรกิจ'),
(621120124, 'นาย', 'ศุภกร', 'อินผิว', 'ปวส.1/5', 'คอมพิวเตอร์ธุรกิจ'),
(621120126, 'นางสาว', 'ยุพารัตน์', 'เด็ดแก้ว', 'ปวส.1/1', 'การบัญชี'),
(621120127, 'นางสาว', 'ณัชร์สมิน', 'จินดาสรรค์', 'ปวส.1/1', 'การบัญชี'),
(621120128, 'นาย', 'พงศกร', 'หันหาบุญ', 'ปวส.1/14', 'คอมพิวเตอร์กราฟิก'),
(621120129, 'นางสาว', 'ธนนันท์', 'พุทธิเวคิน', 'ปวส.1/1', 'การบัญชี'),
(621120131, 'นาย', 'ศราวุธ', 'นามวุฒิ', 'ปวส.1/4', 'การตลาด'),
(621120132, 'นางสาว', 'ธนภรณ์', 'เลขสาคร', 'ปวส.1/14', 'คอมพิวเตอร์กราฟิก'),
(621120133, 'นาย', 'ณัฐวัศ', 'ล่าบ้านหลวง', 'ปวส.1/5', 'คอมพิวเตอร์ธุรกิจ'),
(621120135, 'นางสาว', 'สตรีรัตน์', 'เกิดศักดิ์', 'ปวส.1/2', 'การบัญชี'),
(621120136, 'นางสาว', 'บุษกร', 'มนัสการ', 'ปวส.1/2', 'การบัญชี'),
(621120137, 'นาย', 'รัฐพล', 'มีทองแสน', 'ปวส.1/2', 'การบัญชี'),
(621120140, 'นาย', 'ณัฐพล', 'ผาสีดา', 'ปวส.1/14', 'คอมพิวเตอร์กราฟิก'),
(621120141, 'นาย', 'อิสรา', 'สายสร้อยจีน', 'ปวส.1/14', 'คอมพิวเตอร์กราฟิก'),
(621120142, 'นางสาว', 'มณีวรรณ', 'วังสการ', 'ปวส.1/2', 'การบัญชี'),
(621120144, 'นางสาว', 'ณัฐพร', 'บุตรจันทร์', 'ปวส.1/2', 'การบัญชี'),
(621120145, 'นางสาว', 'วิรดา', 'แก้วทอง', 'ปวส.1/1', 'การบัญชี'),
(621120146, 'นาย', 'นัฐวัตร', 'สาสีมา', 'ปวส.1/4', 'การตลาด'),
(621120148, 'นางสาว', 'เบญจรัตน์', 'ทองดีมีศรี', 'ปวส.1/2', 'การบัญชี'),
(621120150, 'นาย', 'ธนากร', 'ขวัญอยู่เย็น', 'ปวส.1/2', 'การบัญชี'),
(621120151, 'นางสาว', 'คัชรินทร์', 'คำมะวัน', 'ปวส.1/14', 'คอมพิวเตอร์กราฟิก'),
(621120153, 'นาย', 'บอย', 'แซ่หวง', 'ปวส.1/14', 'คอมพิวเตอร์กราฟิก'),
(621120154, 'นาย', 'คุณานนต์', 'ดีโย', 'ปวส.1/14', 'คอมพิวเตอร์กราฟิก'),
(621120155, 'นาย', 'ภูธเนศ', 'เนียมคล้าย', 'ปวส.1/14', 'คอมพิวเตอร์กราฟิก'),
(621120157, 'นางสาว', 'ขวัญใจ', 'จันที', 'ปวส.1/14', 'คอมพิวเตอร์กราฟิก'),
(621120158, 'นาย', 'ธนโภชน์', 'วงษ์สมบัติ', 'ปวส.1/5', 'คอมพิวเตอร์ธุรกิจ'),
(621120159, 'นาย', 'สุธีระ', 'ร้อยอำแพง', 'ปวส.1/14', 'คอมพิวเตอร์กราฟิก'),
(621120160, 'นาย', 'บุญพฤกษ์', 'ผลศรี', 'ปวส.1/14', 'คอมพิวเตอร์กราฟิก'),
(621120161, 'นางสาว', 'กัญญารัตน์', 'จันทร์โพธิ์', 'ปวส.1/2', 'การบัญชี'),
(621120162, 'นาย', 'นันทกร', 'แก้วธรรม', 'ปวส.1/2', 'การบัญชี'),
(621120164, 'นาย', 'วุฒิวัฒน์', 'พิริยพัชรรัฐ', 'ปวส.1/4', 'การตลาด'),
(621120165, 'นางสาว', 'เมทนี', 'ตรีชิตร', 'ปวส.1/1', 'การบัญชี'),
(621120168, 'นาย', 'จีระศักดิ์', 'ฝอดสูงเนิน', 'ปวส.1/1', 'การบัญชี'),
(621120171, 'นางสาว', 'ชลธิชา', 'ขันสุวรรณ', 'ปวส.1/1', 'การบัญชี'),
(621120176, 'นางสาว', 'นมัสการ', 'นาคทับทิม', 'ปวส.1/4', 'การตลาด'),
(621120177, 'นางสาว', 'เลิศศิริรัตน์', 'รัตนะ', 'ปวส.1/2', 'การบัญชี'),
(621120178, 'นาย', 'นวพล', 'ธัญญผล', 'ปวส.1/5', 'คอมพิวเตอร์ธุรกิจ'),
(621120179, 'นางสาว', 'สิริยุภา', 'ใจเย็น', 'ปวส.1/1', 'การบัญชี'),
(621120181, 'นาย', 'กฤษฏิพล', 'อ่อนดี', 'ปวส.1/5', 'คอมพิวเตอร์ธุรกิจ'),
(621120182, 'นางสาว', 'ปาริฉัตร', 'ยีรัมย์', 'ปวส.1/1', 'การบัญชี'),
(621120183, 'นาย', 'ธณายุทธ', 'นาแหยม', 'ปวส.1/14', 'คอมพิวเตอร์กราฟิก'),
(621120184, 'นาย', 'ธนกร', 'สายทอง', 'ปวส.1/4', 'การตลาด'),
(621120185, 'นางสาว', 'ลีลาวดี', 'ใสดี', 'ปวส.1/1', 'การบัญชี'),
(621120186, 'นางสาว', 'สกุลรัตน์', 'ฮวนดีบอน', 'ปวส.1/1', 'การบัญชี'),
(621120187, 'นางสาว', 'ขวัญตา', 'สู่พิพักดิ์', 'ปวส.1/4', 'การตลาด'),
(621120189, 'นาย', 'เกียรติศักดิ์', 'ศรีสวัสดิ์', 'ปวส.1/14', 'คอมพิวเตอร์กราฟิก'),
(621120191, 'นางสาว', 'สใบทิพย์', 'ฉงวน', 'ปวส.1/1', 'การบัญชี'),
(621120193, 'นาย', 'ภีรวัตน์', 'ล่ำสัน', 'ปวส.1/4', 'การตลาด'),
(621120194, 'นางสาว', 'สุนิษา', 'ดาราเย็น', 'ปวส.1/1', 'การบัญชี'),
(621120195, 'นาย', 'จักรกฤษณ์', 'รัตนพินิจ', 'ปวส.1/5', 'คอมพิวเตอร์ธุรกิจ'),
(621120197, 'นาย', 'ภูมิพัฒน์', 'มูลลือ', 'ปวส.1/5', 'คอมพิวเตอร์ธุรกิจ'),
(621120198, 'นาย', 'ปรเมศวร์', 'นิราวัลย์', 'ปวส.1/5', 'คอมพิวเตอร์ธุรกิจ'),
(621120199, 'นางสาว', 'ภาวิดา', 'สิทธิธรรม', 'ปวส.1/14', 'คอมพิวเตอร์กราฟิก'),
(621120200, 'นาย', 'ธีรภัทร์', 'นวลสุมา', 'ปวส.1/14', 'คอมพิวเตอร์กราฟิก'),
(621120201, 'นางสาว', 'วิชิดา', 'แสนเพชร', 'ปวส.1/4', 'การตลาด'),
(621120204, 'นาย', 'ภูมินทร์', 'กลั่นสาร', 'ปวส.1/5', 'คอมพิวเตอร์ธุรกิจ'),
(621120205, 'นาย', 'ไชยวัฒน์', 'น้ำใจดี', 'ปวส.1/2', 'การบัญชี'),
(621120207, 'นาย', 'สัญชัย', 'พงษ์หนู', 'ปวส.1/5', 'คอมพิวเตอร์ธุรกิจ'),
(621120208, 'นางสาว', 'ธนพร', 'ประเสริฐสุข', 'ปวส.1/1', 'การบัญชี'),
(621120209, 'นางสาว', 'ฐิตินันต์', 'จุลน้อย', 'ปวส.1/4', 'การตลาด'),
(621120210, 'นางสาว', 'อริศรา', 'กุ่มเพ็ชร', 'ปวส.1/1', 'การบัญชี'),
(621120211, 'นาย', 'ศักรินทร์', 'แก้วกล่ำ', 'ปวส.1/5', 'คอมพิวเตอร์ธุรกิจ'),
(621120212, 'นางสาว', 'อรปรียา', 'ทศเที่ยงธรรม', 'ปวส.1/4', 'การตลาด'),
(621120215, 'นาย', 'บุญพิชัย', 'งามเนตร', 'ปวส.1/5', 'คอมพิวเตอร์ธุรกิจ'),
(621120218, 'นางสาว', 'เนตรนภา', 'วุฒิศักดิ์', 'ปวส.1/7', 'การท่องเที่ยว'),
(621120223, 'นางสาว', 'ภัสราพร', 'สืบสุนทร', 'ปวส.1/2', 'การบัญชี'),
(621120224, 'นางสาว', 'ทิติกา', 'สุดละม่อม', 'ปวส.1/1', 'การบัญชี'),
(621120226, 'นางสาว', 'อภิสรา', 'แวดไธสง', 'ปวส.1/7', 'การท่องเที่ยว'),
(621120228, 'นางสาว', 'วันวิสา', 'ศิริวงษ์', 'ปวส.1/7', 'การท่องเที่ยว'),
(621120229, 'นางสาว', 'วจิราภรณ์', 'สุขสอาด', 'ปวส.1/1', 'การบัญชี'),
(621120230, 'นาย', 'ปารเมศ', 'ทองจันทร์', 'ปวส.1/14', 'คอมพิวเตอร์กราฟิก'),
(621120231, 'นางสาว', 'นิศากร', 'นวลพักตร์', 'ปวส.1/2', 'การบัญชี'),
(621120232, 'นางสาว', 'สุกันยา', 'วาสนดิลก', 'ปวส.1/2', 'การบัญชี'),
(621120234, 'นาย', 'แป้ง', 'ตาแก้ว', 'ปวส.1/4', 'การตลาด'),
(621120235, 'นาย', 'ภูบดี', 'เเก้วสมนึก', 'ปวส.1/5', 'คอมพิวเตอร์ธุรกิจ'),
(621120236, 'นาย', 'ธีรภัทร์', 'พัดขุนทด', 'ปวส.1/7', 'การท่องเที่ยว'),
(621120238, 'นาย', 'ณฐพงศ์', 'โพธิรัชต์', 'ปวส.1/14', 'คอมพิวเตอร์กราฟิก'),
(621120242, 'นาย', 'อภิชัย', 'แจ่มดวง', 'ปวส.1/4', 'การตลาด'),
(621120247, 'นางสาว', 'ญาดาวดี', 'ศิริโส', 'ปวส.1/4', 'การตลาด'),
(621120248, 'นางสาว', 'อิสราภรณ์', 'ธวัชชัย', 'ปวส.1/7', 'การท่องเที่ยว');
INSERT INTO `student` (`std_id`, `std_tname`, `std_fname`, `std_lname`, `std_class`, `std_depart`) VALUES
(621120249, 'นาย', 'อธิราช', 'พันธนาม', 'ปวส.1/7', 'การท่องเที่ยว'),
(621120250, 'นางสาว', 'ชนัญชิดา', 'สารนพคุณ', 'ปวส.1/4', 'การตลาด'),
(621120251, 'นาย', 'วงศธร', 'แก้วเกษ', 'ปวส.1/14', 'คอมพิวเตอร์กราฟิก'),
(621120252, 'นางสาว', 'ธนิตา', 'แซ่เตียว', 'ปวส.1/4', 'การตลาด'),
(621120258, 'นางสาว', 'พิมพ์ชนก', 'นาเละ', 'ปวส.1/1', 'การบัญชี'),
(621120259, 'นางสาว', 'ภัทรมน', 'เกิดลาภ', 'ปวส.1/5', 'คอมพิวเตอร์ธุรกิจ'),
(621120260, 'นางสาว', 'ชนันธร', 'ศรีวัดปาน', 'ปวส.1/5', 'คอมพิวเตอร์ธุรกิจ'),
(621120263, 'นางสาว', 'อรวรรยา', 'ปลอดวงศ์', 'ปวส.1/7', 'การท่องเที่ยว'),
(621120270, 'นาย', 'บริพัตร', 'ศรีเพชรพูล', 'ปวส.1/5', 'คอมพิวเตอร์ธุรกิจ'),
(621120271, 'นางสาว', 'วรดา', 'เพิ่มผล', 'ปวส.1/1', 'การบัญชี'),
(621120272, 'นางสาว', 'จิรภิญญา', 'ถาวรชน', 'ปวส.1/1', 'การบัญชี'),
(621120273, 'นางสาว', 'นภัสวรรณ', 'สุขเกษม', 'ปวส.1/1', 'การบัญชี'),
(621120274, 'นางสาว', 'อนุชสา', 'บุญสาร', 'ปวส.1/1', 'การบัญชี'),
(621120277, 'นาย', 'พีรากร', 'ทัศนสุวรรณ', 'ปวส.1/5', 'คอมพิวเตอร์ธุรกิจ'),
(621120278, 'นาย', 'อนุสรณ์', 'อนุรักษ์', 'ปวส.1/2', 'การบัญชี'),
(621120280, 'นางสาว', 'นิศากร', 'ฉุนเฉียว', 'ปวส.1/2', 'การบัญชี'),
(621120281, 'นางสาว', 'พรพิมล', 'มีอารีย์', 'ปวส.1/7', 'การท่องเที่ยว'),
(621120282, 'นางสาว', 'ชัญญา', 'แซ่ลิ้ม', 'ปวส.1/2', 'การบัญชี'),
(621120287, 'นาย', 'จักรกริช', 'จินดาศรี', 'ปวส.1/14', 'คอมพิวเตอร์กราฟิก'),
(621120290, 'นาย', 'ทศพล', 'พานแก้ว', 'ปวส.1/4', 'การตลาด'),
(621120291, 'นางสาว', 'กนกพร', 'เลขนอก', 'ปวส.1/7', 'การท่องเที่ยว'),
(621120292, 'นางสาว', 'กนกวรรณ', 'เลขนอก', 'ปวส.1/7', 'การท่องเที่ยว'),
(621120293, 'นาย', 'ศรุต', 'พรรณา', 'ปวส.1/5', 'คอมพิวเตอร์ธุรกิจ'),
(621120296, 'นางสาว', 'อาบา', 'มาเยอะ', 'ปวส.1/1', 'การบัญชี'),
(621120306, 'นาย', 'ปรีดา', 'หมื่นบิดา', 'ปวส.1/7', 'การท่องเที่ยว'),
(621120313, 'นางสาว', 'จารุวรรณ', 'นันทวงศ์', 'ปวส.1/2', 'การบัญชี'),
(621120317, 'นาย', 'เจริญทรัพย์', 'บัวหลั่น', 'ปวส.1/7', 'การท่องเที่ยว'),
(621120318, 'นาย', 'นาวิน', 'ขวัญกิจพนม', 'ปวส.1/5', 'คอมพิวเตอร์ธุรกิจ'),
(621120319, 'นาย', 'ศุภโรจน์', 'ขวัญเมือง', 'ปวส.1/4', 'การตลาด'),
(621120321, 'นาย', 'ภาคิน', 'อ่ำอ่อน', 'ปวส.1/7', 'การท่องเที่ยว'),
(621120322, 'นาย', 'จิณณวัตร', 'อ่วมอรุณ', 'ปวส.1/7', 'การท่องเที่ยว'),
(621120327, 'นางสาว', 'นงลักษณ์', 'บุญเสก', 'ปวส.1/1', 'การบัญชี'),
(621120330, 'นาย', 'อรรถชา', 'ชินไธสง', 'ปวส.1/5', 'คอมพิวเตอร์ธุรกิจ'),
(621120346, 'นางสาว', 'พลอย', 'สิมา', 'ปวส.1/1', 'การบัญชี'),
(621120348, 'นาย', 'วิทยา', 'กรเกษม', 'ปวส.1/1', 'การบัญชี'),
(621120354, 'นาย', 'อนุสรณ์', 'ศรีรังกูล', 'ปวส.1/14', 'คอมพิวเตอร์กราฟิก'),
(621120359, 'นางสาว', 'จันทรา', 'พลอยบ้านแพ้ว', 'ปวส.1/2', 'การบัญชี'),
(621120360, 'นางสาว', 'รจเรข', 'รอดคง', 'ปวส.1/2', 'การบัญชี'),
(621120362, 'นางสาว', 'ณิชกานต์', 'ไหมเพ็ชร', 'ปวส.1/2', 'การบัญชี'),
(621120366, 'นางสาว', 'หญิง', 'แย้มขยัน', 'ปวส.1/4', 'การตลาด'),
(621120367, 'นาย', 'นภณัฐ', 'ไชยดี', 'ปวส.1/14', 'คอมพิวเตอร์กราฟิก'),
(621120368, 'นาย', 'สุกัลย์', 'แสนสุรีย์', 'ปวส.1/14', 'คอมพิวเตอร์กราฟิก'),
(621120369, 'นางสาว', 'ธนาภรณ์', 'สิทธิกลางดอน', 'ปวส.1/5', 'คอมพิวเตอร์ธุรกิจ'),
(621120371, 'นางสาว', 'จุฑาทิพย์', 'ภัสมุทร์', 'ปวส.1/7', 'การท่องเที่ยว'),
(621120373, 'นางสาว', 'ณัฐกานต์', 'จิตรมณีโรจน์', 'ปวส.1/1', 'การบัญชี'),
(621120374, 'นางสาว', 'วลินดา', 'กาฬดิษฐ์', 'ปวส.1/1', 'การบัญชี'),
(621120376, 'นางสาว', 'เยาวมาลย์', 'แทนนา', 'ปวส.1/7', 'การท่องเที่ยว'),
(621120377, 'นางสาว', 'กัลยา', 'สาระเวช', 'ปวส.1/7', 'การท่องเที่ยว'),
(621120384, 'นาย', 'ชัยรัตน์', 'ไชยหาญ', 'ปวส.1/14', 'คอมพิวเตอร์กราฟิก'),
(621120387, 'นางสาว', 'วัลวิกา', 'รอบวงจันทร์', 'ปวส.1/7', 'การท่องเที่ยว'),
(621120388, 'นางสาว', 'กฏษณา', 'เส้นตรง', 'ปวส.1/1', 'การบัญชี'),
(621120391, 'นาย', 'รังสรรค์', 'อุชะชา', 'ปวส.1/4', 'การตลาด'),
(621120415, 'นางสาว', 'กฤติญา', 'เสนีย์นันท์', 'ปวส.1/14', 'คอมพิวเตอร์กราฟิก'),
(621130002, 'นาย', 'ณัฐวรรษ', 'จีนาวุฒิ', 'ปวส.1/16', 'เทคโนโลยีสารสนเทศ'),
(621130003, 'นาย', 'ธนสาร', 'บัวรัตน์', 'ปวส.1/9', 'การตลาด'),
(621130004, 'นาย', 'สิทธิโชค', 'ยีรัมย์', 'ปวส.1/9', 'การตลาด'),
(621130005, 'นาย', 'ธนกร', 'สุบินตา', 'ปวส.1/16', 'เทคโนโลยีสารสนเทศ'),
(621130007, 'นาย', 'ทัตเทพ', 'ปรีชม', 'ปวส.1/16', 'เทคโนโลยีสารสนเทศ'),
(621130008, 'นาย', 'ศรัญญู', 'จันทร์จิตร', 'ปวส.1/15', 'คอมพิวเตอร์กราฟิก'),
(621130009, 'นาย', 'ณัชกฤช', 'จีรภัทร์', 'ปวส.1/16', 'คอมพิวเตอร์กราฟิก'),
(621130010, 'นาย', 'พนธกร', 'เรืองเวช', 'ปวส.1/15', 'คอมพิวเตอร์กราฟิก'),
(621130012, 'นาย', 'เบญจ', 'ศิริพิศ', 'ปวส.1/9', 'การตลาด'),
(621130013, 'นาย', 'ศิวกร', 'ควรคนอง', 'ปวส.1/15', 'คอมพิวเตอร์กราฟิก'),
(621130014, 'นาย', 'สุรเชษฐ์', 'ชาหอม', 'ปวส.1/15', 'คอมพิวเตอร์กราฟิก'),
(621130016, 'นาย', 'นัฏฐวุฒิ', 'สุนิน', 'ปวส.1/16', 'เทคโนโลยีสารสนเทศ'),
(621130017, 'นาย', 'นัฐวุฒิ', 'ไฝ่เพชรดี', 'ปวส.1/16', 'เทคโนโลยีสารสนเทศ'),
(621130018, 'นาย', 'ณัฐวุฒิ', 'ทะแดง', 'ปวส.1/16', 'เทคโนโลยีสารสนเทศ'),
(621130019, 'นาย', 'ณัฐธัญ', 'วรรณทิศ', 'ปวส.1/16', 'เทคโนโลยีสารสนเทศ'),
(621130020, 'นาย', 'พัชรพล', 'เอี่ยมเจริญ', 'ปวส.1/16', 'เทคโนโลยีสารสนเทศ'),
(621130022, 'นาย', 'อโนชา', 'ศิวะยุทธกิจ', 'ปวส.1/16', 'เทคโนโลยีสารสนเทศ'),
(621130023, 'นาย', 'นนทวัฒน์', 'แซ่โกว', 'ปวส.1/16', 'เทคโนโลยีสารสนเทศ'),
(621130024, 'นาย', 'พรเทพ', 'ภูลายเรียบ', 'ปวส.1/15', 'คอมพิวเตอร์กราฟิก'),
(621130025, 'นาย', 'อภิวัฒน์', 'อาจวิชัย', 'ปวส.1/15', 'คอมพิวเตอร์กราฟิก'),
(621130026, 'นางสาว', 'กาญจนา', 'พรมมา', 'ปวส.1/9', 'การตลาด'),
(621130027, 'นาย', 'ศิวกร', 'ข่มอาวุธ', 'ปวส.1/16', 'เทคโนโลยีสารสนเทศ'),
(621130030, 'นาย', 'ยศภัทร', 'จันทร์พ่วง', 'ปวส.1/16', 'เทคโนโลยีสารสนเทศ'),
(621130035, 'นาย', 'พงศภัค', 'ศรีสกุลษาทิพย์', 'ปวส.1/15', 'คอมพิวเตอร์กราฟิก'),
(621130036, 'นาย', 'นัฐพล', 'ศรีกลัด', 'ปวส.1/10', 'คอมพิวเตอร์ธุรกิจ'),
(621130037, 'นาย', 'อัมรินทร์', 'ชมพล', 'ปวส.1/16', 'เทคโนโลยีสารสนเทศ'),
(621130046, 'นางสาว', 'พรรพษา', 'แก้วจันทร์', 'ปวส.1/10', 'คอมพิวเตอร์ธุรกิจ'),
(621130047, 'นางสาว', 'วิภาดา', 'จิมานัง', 'ปวส.1/10', 'คอมพิวเตอร์ธุรกิจ'),
(621130061, 'นางสาว', 'ราตรี', 'ลุนสลิต', 'ปวส.1/8', 'การบัญชี'),
(621130065, 'นาย', 'พีรวิชญ์', 'ช้างพลี', 'ปวส.1/16', 'เทคโนโลยีสารสนเทศ'),
(621130071, 'นาย', 'วสุรัตน์', 'โพธิ์ทอง', 'ปวส.1/15', 'คอมพิวเตอร์กราฟิก'),
(621130082, 'นาย', 'นครินทร์', 'เอกศรี', 'ปวส.1/8', 'การบัญชี'),
(621130084, 'นางสาว', 'ประภัสสร', 'เที่ยงคืน', 'ปวส.1/10', 'คอมพิวเตอร์ธุรกิจ'),
(621130089, 'นาย', 'ธนดล', 'รอดคง', 'ปวส.1/9', 'การตลาด'),
(621130091, 'นางสาว', 'ณัฐญา', 'สมพงษ์', 'ปวส.1/10', 'คอมพิวเตอร์ธุรกิจ'),
(621130094, 'นาย', 'ปัณณวิชญ์', 'แก้วด้วง', 'ปวส.1/15', 'คอมพิวเตอร์กราฟิก'),
(621130096, 'นาย', 'สิรภพ', 'ส่งศิลป์วิบูลย์', 'ปวส.1/15', 'คอมพิวเตอร์กราฟิก'),
(621130109, 'นางสาว', 'สิรินทิพย์', 'ชุมผาง', 'ปวส.1/10', 'คอมพิวเตอร์ธุรกิจ'),
(621130114, 'นาย', 'ชลสิทธิ์', 'เมธางกูร', 'ปวส.1/9', 'การตลาด'),
(621130117, 'นาย', 'ภาณุพงศ์', 'ขุนเทพ', 'ปวส.1/16', 'เทคโนโลยีสารสนเทศ'),
(621130118, 'นาย', 'อิทธิกร', 'เมยดง', 'ปวส.1/15', 'คอมพิวเตอร์กราฟิก'),
(621130119, 'นาย', 'วทัญญู', 'อยู่ม่วง', 'ปวส.1/15', 'คอมพิวเตอร์กราฟิก'),
(621130128, 'นาย', 'อารัญ', 'แสงธรรมรัตน์', 'ปวส.1/12', 'การท่องเที่ยว'),
(621130130, 'นางสาว', 'เพชรประกา', 'แสนหนองหว้า', 'ปวส.1/9', 'การตลาด'),
(621130132, 'นาย', 'ธนภัทร', 'สังข์อนันต์', 'ปวส.1/15', 'คอมพิวเตอร์กราฟิก'),
(621130136, 'นางสาว', 'ชิดชนก', 'ดอนขำ', 'ปวส.1/9', 'การตลาด'),
(621130137, 'นางสาว', 'ชรินรัตน์', 'ดอนขำ', 'ปวส.1/9', 'การตลาด'),
(621130145, 'นาย', 'นัฐวุฒิ', 'เขียนวาด', 'ปวส.1/10', 'คอมพิวเตอร์ธุรกิจ'),
(621130158, 'นาย', 'นพรัตน์', 'พานาดา', 'ปวส.1/16', 'เทคโนโลยีสารสนเทศ'),
(621130160, 'นาย', 'อัสพงษ์', 'บุญปลอด', 'ปวส.1/12', 'การท่องเที่ยว'),
(621130170, 'นางสาว', 'สุทธิดา', 'ตุ้มจันดี', 'ปวส.1/9', 'การตลาด'),
(621130180, 'นางสาว', 'นันทวรรณ', 'ชาญพหล', 'ปวส.1/9', 'การตลาด'),
(621130190, 'นางสาว', 'นันทิยา', 'เนื้อละออ', 'ปวส.1/10', 'คอมพิวเตอร์ธุรกิจ'),
(621130196, 'นางสาว', 'ธมลวรรณ', 'ภู่สะอาด', 'ปวส.1/9', 'การตลาด'),
(621130238, 'นางสาว', 'ณัฏฐินี', 'สิถิระวัน', 'ปวส.1/12', 'การท่องเที่ยว'),
(621130239, 'นาย', 'สุคณิต', 'วงศ์ตาหล้า', 'ปวส.1/9', 'การตลาด'),
(622110017, 'นางสาว', 'ณัฐริกา', 'จันทร์แหยม', 'ปวช.1/2', 'พณิชยการ');

-- --------------------------------------------------------

--
-- Table structure for table `wrong`
--

CREATE TABLE `wrong` (
  `wr_id` int(3) NOT NULL COMMENT 'รหัสความผิด',
  `wr_name` varchar(200) COLLATE utf8_unicode_ci NOT NULL COMMENT 'ชื่อความผิด',
  `wr_score` int(2) NOT NULL COMMENT 'คะแนนความผิด'
) ENGINE=InnoDB DEFAULT CHARSET=utf8 COLLATE=utf8_unicode_ci;

--
-- Dumping data for table `wrong`
--

INSERT INTO `wrong` (`wr_id`, `wr_name`, `wr_score`) VALUES
(1, 'ไม่คล้องบัตร', 5),
(2, 'ไม่สวมถุงเท้า', 5),
(3, 'นำอาหารไปกินบนอาคาร', 5),
(4, 'ความผิด 1', 15),
(5, 'ความผิด 2', 30),
(6, 'ความผิด 3', 14);

--
-- Indexes for dumped tables
--

--
-- Indexes for table `level`
--
ALTER TABLE `level`
  ADD PRIMARY KEY (`lvl_id`);

--
-- Indexes for table `member`
--
ALTER TABLE `member`
  ADD PRIMARY KEY (`mem_id`);

--
-- Indexes for table `std_offense`
--
ALTER TABLE `std_offense`
  ADD PRIMARY KEY (`std_off_id`);

--
-- Indexes for table `student`
--
ALTER TABLE `student`
  ADD PRIMARY KEY (`std_id`);

--
-- Indexes for table `wrong`
--
ALTER TABLE `wrong`
  ADD PRIMARY KEY (`wr_id`);

--
-- AUTO_INCREMENT for dumped tables
--

--
-- AUTO_INCREMENT for table `level`
--
ALTER TABLE `level`
  MODIFY `lvl_id` int(1) NOT NULL AUTO_INCREMENT COMMENT 'รหัสระดับสิทธิ์', AUTO_INCREMENT=5;
--
-- AUTO_INCREMENT for table `std_offense`
--
ALTER TABLE `std_offense`
  MODIFY `std_off_id` int(11) NOT NULL AUTO_INCREMENT, AUTO_INCREMENT=11;
--
-- AUTO_INCREMENT for table `wrong`
--
ALTER TABLE `wrong`
  MODIFY `wr_id` int(3) NOT NULL AUTO_INCREMENT COMMENT 'รหัสความผิด', AUTO_INCREMENT=7;
/*!40101 SET CHARACTER_SET_CLIENT=@OLD_CHARACTER_SET_CLIENT */;
/*!40101 SET CHARACTER_SET_RESULTS=@OLD_CHARACTER_SET_RESULTS */;
/*!40101 SET COLLATION_CONNECTION=@OLD_COLLATION_CONNECTION */;
